mhi,pop,pop_black,STATEFP,COUNTYFP,TRACTCE,FIPS,P_black
64571.0,13838.0,7869.0,13,135,050709,13135050709,0.5686515392397745
49054.0,9711.0,2352.0,13,135,050314,13135050314,0.24219956750077232
53693.0,6361.0,2342.0,13,135,050315,13135050315,0.3681811036000629
75036.0,4072.0,2133.0,13,135,050415,13135050415,0.5238212180746562
102500.0,5592.0,824.0,13,135,050425,13135050425,0.1473533619456366
104697.0,7347.0,1468.0,13,135,050429,13135050429,0.19980944603239417
53785.0,5108.0,1167.0,13,135,050105,13135050105,0.22846515270164447
67652.0,4673.0,894.0,13,135,050205,13135050205,0.1913117911405949
74137.0,9623.0,1016.0,13,057,091102,13057091102,0.10558038033877169
53031.0,4922.0,714.0,13,057,091001,13057091001,0.1450629825274279
111574.0,5259.0,109.0,13,057,091006,13057091006,0.020726373835329912
88310.0,6501.0,500.0,13,057,091101,13057091101,0.07691124442393478
84120.0,12544.0,164.0,13,057,090300,13057090300,0.013073979591836735
46118.0,9110.0,726.0,13,057,090400,13057090400,0.0796926454445664
54676.0,8038.0,309.0,13,057,090601,13057090601,0.038442398606618564
105368.0,8527.0,215.0,13,057,090901,13057090901,0.025214026034947812
73997.0,10117.0,1227.0,13,057,091103,13057091103,0.12128101215775428
70282.0,8263.0,490.0,13,057,090602,13057090602,0.05930049618782524
74284.0,10145.0,141.0,13,057,090100,13057090100,0.01389847215377033
100142.0,3145.0,763.0,13,113,140408,13113140408,0.24260731319554849
93657.0,6938.0,428.0,13,113,140304,13113140304,0.06168924762179302
79271.0,5612.0,1525.0,13,113,140404,13113140404,0.2717391304347826
97396.0,5079.0,1030.0,13,113,140305,13113140305,0.20279582594999015
188828.0,5484.0,309.0,13,113,140307,13113140307,0.056345733041575495
80602.0,3417.0,94.0,13,113,140502,13113140502,0.027509511267193445
128284.0,4282.0,234.0,13,113,140206,13113140206,0.05464736104624007
111544.0,3999.0,905.0,13,113,140405,13113140405,0.22630657664416104
72946.0,8390.0,3236.0,13,113,140407,13113140407,0.38569725864123955
102739.0,6804.0,602.0,13,113,140501,13113140501,0.08847736625514403
89493.0,4912.0,246.0,13,113,140303,13113140303,0.0500814332247557
86016.0,5572.0,1697.0,13,113,140204,13113140204,0.30455850681981333
78607.0,7826.0,4988.0,13,113,140101,13113140101,0.6373626373626373
94515.0,6181.0,1600.0,13,113,140203,13113140203,0.25885779000161785
87547.0,7908.0,607.0,13,113,140306,13113140306,0.07675771370763783
83958.0,5174.0,2599.0,13,113,140403,13113140403,0.5023192887514496
52778.0,3587.0,1220.0,13,113,140406,13113140406,0.3401170894898244
33507.0,4217.0,1708.0,13,171,970300,13171970300,0.40502727057149635
44536.0,7559.0,3084.0,13,171,970200,13171970200,0.40799047493054635
56344.0,6896.0,697.0,13,171,970100,13171970100,0.10107308584686775
89863.0,9369.0,2428.0,13,067,030103,13067030103,0.25915252428220725
78692.0,8212.0,1012.0,13,067,030310,13067030310,0.12323429128105212
95114.0,7542.0,951.0,13,067,030320,13067030320,0.12609387430389818
115223.0,4981.0,329.0,13,067,030327,13067030327,0.06605099377635013
109192.0,7928.0,592.0,13,067,030314,13067030314,0.07467204843592332
75532.0,6362.0,1477.0,13,067,030339,13067030339,0.23215969820811067
84342.0,6608.0,1486.0,13,067,031307,13067031307,0.22487893462469732
70437.0,6804.0,1213.0,13,067,030312,13067030312,0.1782774838330394
70771.0,5122.0,1698.0,13,067,031005,13067031005,0.3315111284654432
126546.0,6396.0,343.0,13,067,030330,13067030330,0.05362726704190119
45298.0,4580.0,1382.0,13,067,030700,13067030700,0.3017467248908297
153889.0,5008.0,201.0,13,067,030335,13067030335,0.040135782747603835
76528.0,9214.0,731.0,13,297,110100,13297110100,0.07933579335793357
57036.0,4983.0,445.0,13,297,110200,13297110200,0.08930363234998996
38934.0,6734.0,3220.0,13,297,110400,13297110400,0.4781704781704782
57397.0,6904.0,1799.0,13,297,110800,13297110800,0.2605735805330243
34928.0,6758.0,3011.0,13,297,110300,13297110300,0.445546019532406
51042.0,7571.0,1695.0,13,297,110700,13297110700,0.22388059701492538
90586.0,6383.0,830.0,13,121,010122,13121010122,0.1300328998903337
77969.0,5081.0,1156.0,13,121,010123,13121010123,0.2275142688447156
142750.0,2864.0,145.0,13,121,010211,13121010211,0.05062849162011173
81979.0,7979.0,48.0,13,085,970201,13085970201,0.006015791452562978
68011.0,8109.0,44.0,13,085,970202,13085970202,0.005426069798988778
110504.0,6533.0,903.0,13,089,021102,13089021102,0.13822133782335833
86828.0,7974.0,1213.0,13,089,021216,13089021216,0.15211938801103586
166563.0,3927.0,237.0,13,089,021101,13089021101,0.060351413292589765
100348.0,6550.0,521.0,13,089,021215,13089021215,0.07954198473282442
106216.0,2609.0,446.0,13,089,021217,13089021217,0.1709467228823304
60254.0,6071.0,2015.0,13,089,021218,13089021218,0.33190578158458245
55109.0,4970.0,686.0,13,089,021305,13089021305,0.13802816901408452
32500.0,2570.0,2458.0,13,121,007602,13121007602,0.9564202334630351
94750.0,4911.0,1600.0,13,121,001700,13121001700,0.3257992262268377
51388.0,10961.0,10641.0,13,121,007802,13121007802,0.9708055834321686
31174.0,3397.0,3215.0,13,121,007805,13121007805,0.9464233146894319
208750.0,3846.0,378.0,13,121,009700,13121009700,0.09828393135725429
192375.0,5618.0,314.0,13,121,010206,13121010206,0.055891776432894266
45942.0,9543.0,8250.0,13,121,011303,13121011303,0.8645080163470606
67350.0,5645.0,239.0,13,121,010212,13121010212,0.04233835252435784
55883.0,5930.0,5152.0,13,121,010515,13121010515,0.8688026981450253
59783.0,8002.0,7324.0,13,121,010516,13121010516,0.9152711822044489
36707.0,5230.0,4886.0,13,121,011305,13121011305,0.9342256214149139
33587.0,2337.0,2091.0,13,121,011306,13121011306,0.8947368421052632
109417.0,5641.0,671.0,13,121,011416,13121011416,0.11895054068427584
96635.0,5602.0,691.0,13,121,011417,13121011417,0.12334880399857194
160820.0,6194.0,234.0,13,121,011418,13121011418,0.03777849531804973
30339.0,3638.0,990.0,13,013,180203,13013180203,0.2721275426058274
56827.0,2780.0,873.0,13,013,180204,13013180204,0.31402877697841725
45549.0,4728.0,922.0,13,013,180205,13013180205,0.19500846023688664
68661.0,2943.0,122.0,13,013,180206,13013180206,0.04145429833503228
64792.0,2590.0,161.0,13,013,180301,13013180301,0.062162162162162166
60625.0,6162.0,433.0,13,013,180302,13013180302,0.07026939305420318
67273.0,5862.0,163.0,13,013,180303,13013180303,0.02780620948481747
72256.0,6124.0,433.0,13,013,180401,13013180401,0.07070542129327237
83704.0,3973.0,332.0,13,297,110503,13297110503,0.0835640573873647
65000.0,5377.0,475.0,13,297,110504,13297110504,0.08833922261484099
74803.0,4716.0,673.0,13,297,110505,13297110505,0.14270568278201867
84405.0,5892.0,651.0,13,297,110506,13297110506,0.1104887983706721
71205.0,8043.0,1409.0,13,297,110507,13297110507,0.175183389282606
69730.0,5243.0,743.0,13,297,110508,13297110508,0.14171275987030327
76173.0,5154.0,613.0,13,297,110601,13297110601,0.11893674815677144
75815.0,5704.0,126.0,13,297,110602,13297110602,0.02208976157082749
55620.0,5176.0,254.0,13,297,110603,13297110603,0.049072642967542504
69306.0,3638.0,1724.0,13,247,060403,13247060403,0.47388675096206706
149583.0,4879.0,912.0,13,067,031209,13067031209,0.186923549907768
82330.0,4558.0,1627.0,13,067,031211,13067031211,0.3569548047389206
184000.0,2330.0,37.0,13,067,031212,13067031212,0.01587982832618026
86808.0,10519.0,5453.0,13,067,031312,13067031312,0.5183952847228824
117366.0,10815.0,5275.0,13,067,031313,13067031313,0.4877484974572353
57975.0,6956.0,3747.0,13,067,031408,13067031408,0.5386716503737781
58739.0,6166.0,3877.0,13,067,031409,13067031409,0.6287706779111255
56458.0,5414.0,2357.0,13,067,031506,13067031506,0.43535278906538605
68688.0,3907.0,2283.0,13,067,031507,13067031507,0.5843358075249552
60948.0,7335.0,2467.0,13,135,050535,13135050535,0.336332651670075
57426.0,5607.0,1846.0,13,135,050536,13135050536,0.3292313179953629
42513.0,4355.0,1923.0,13,135,050537,13135050537,0.4415614236509759
85862.0,7941.0,1414.0,13,135,050538,13135050538,0.1780632162196197
45729.0,5805.0,1868.0,13,135,050539,13135050539,0.3217915590008613
70506.0,7295.0,2544.0,13,135,050540,13135050540,0.34873200822481154
40551.0,4710.0,1551.0,13,135,050541,13135050541,0.3292993630573248
52640.0,5307.0,2480.0,13,135,050542,13135050542,0.4673073299415866
66901.0,7511.0,3189.0,13,135,050543,13135050543,0.42457728664625216
85293.0,13185.0,3831.0,13,135,050544,13135050544,0.29055745164960184
77736.0,9483.0,1898.0,13,135,050547,13135050547,0.2001476326057155
85682.0,11702.0,2839.0,13,135,050548,13135050548,0.24260810117928558
65249.0,15629.0,6931.0,13,135,050545,13135050545,0.4434704715592808
75927.0,18658.0,9745.0,13,135,050546,13135050546,0.522296066030657
80490.0,5490.0,1329.0,13,135,050549,13135050549,0.24207650273224043
84466.0,14579.0,2931.0,13,135,050605,13135050605,0.20104259551409562
90338.0,26399.0,5808.0,13,135,050606,13135050606,0.22000833364900185
62667.0,6930.0,1554.0,13,013,180402,13013180402,0.22424242424242424
73866.0,6771.0,1027.0,13,013,180501,13013180501,0.1516762664303648
62212.0,4716.0,537.0,13,013,180502,13013180502,0.1138676844783715
56250.0,2444.0,427.0,13,159,010100,13159010100,0.17471358428805236
54138.0,2746.0,102.0,13,159,010200,13159010200,0.037144938091769844
47908.0,8726.0,2309.0,13,159,010500,13159010500,0.26461150584460236
43511.0,7762.0,2715.0,13,035,150300,13035150300,0.34978098428240145
52500.0,5872.0,2411.0,13,045,910101,13045910101,0.4105926430517711
70526.0,5172.0,773.0,13,045,910103,13045910103,0.1494586233565352
61494.0,10218.0,2124.0,13,045,910104,13045910104,0.20786846741045215
58781.0,12725.0,2012.0,13,045,910200,13045910200,0.1581139489194499
48596.0,6751.0,794.0,13,045,910300,13045910300,0.11761220559917049
20167.0,3047.0,1230.0,13,045,910502,13045910502,0.40367574663603545
52351.0,9664.0,1677.0,13,045,910701,13045910701,0.17353062913907286
44850.0,3273.0,215.0,13,045,910400,13045910400,0.06568897036358082
38916.0,8778.0,4059.0,13,045,910501,13045910501,0.462406015037594
62132.0,6052.0,1059.0,13,045,910600,13045910600,0.1749834765366821
76841.0,8218.0,769.0,13,045,910702,13045910702,0.09357507909467024
48595.0,8695.0,2043.0,13,045,910703,13045910703,0.23496262219666475
51037.0,4344.0,223.0,13,045,910800,13045910800,0.051335174953959485
58707.0,4178.0,341.0,13,045,910900,13045910900,0.08161799904260411
68179.0,6564.0,882.0,13,045,911000,13045911000,0.1343692870201097
55677.0,7574.0,1118.0,13,045,911100,13045911100,0.14761024557697386
48029.0,6058.0,934.0,13,045,911200,13045911200,0.1541762958071971
37976.0,3811.0,1339.0,13,199,970600,13199970600,0.35135135135135137
36139.0,5053.0,1986.0,13,199,970500,13199970500,0.3930338412824065
72361.0,6040.0,2903.0,13,067,031508,13067031508,0.48062913907284766
81583.0,11568.0,6561.0,13,067,031509,13067031509,0.5671680497925311
73881.0,5511.0,2182.0,13,113,140102,13113140102,0.39593540192342586
84867.0,1881.0,145.0,13,089,020200,13089020200,0.07708665603402445
43309.0,5869.0,482.0,13,089,021303,13089021303,0.08212642698926563
126644.0,4599.0,177.0,13,089,021405,13089021405,0.038486627527723416
106103.0,2701.0,67.0,13,089,020400,13089020400,0.02480562754535357
94662.0,2509.0,591.0,13,089,020801,13089020801,0.2355520127540853
168967.0,5751.0,77.0,13,089,021210,13089021210,0.013388975830290384
106389.0,5065.0,482.0,13,089,021211,13089021211,0.0951628825271471
88778.0,4893.0,826.0,13,089,021706,13089021706,0.1688125894134478
83021.0,2115.0,227.0,13,089,023000,13089023000,0.10732860520094563
72935.0,2056.0,330.0,13,089,021812,13089021812,0.1605058365758755
55048.0,9022.0,6769.0,13,089,021907,13089021907,0.7502771004211927
73819.0,6061.0,596.0,13,089,022301,13089022301,0.0983336083154595
56487.0,4462.0,3497.0,13,089,023101,13089023101,0.7837292693859256
32258.0,4557.0,4030.0,13,089,023108,13089023108,0.8843537414965986
74539.0,5788.0,1625.0,13,089,021810,13089021810,0.2807532826537664
32672.0,7764.0,2985.0,13,089,022008,13089022008,0.3844667697063369
79400.0,3767.0,937.0,13,089,022900,13089022900,0.24873904964162463
39961.0,3390.0,1982.0,13,089,023102,13089023102,0.5846607669616519
34132.0,4428.0,4178.0,13,089,023410,13089023410,0.9435411020776875
111759.0,5170.0,910.0,13,121,005200,13121005200,0.1760154738878143
30395.0,936.0,557.0,13,121,006400,13121006400,0.5950854700854701
27083.0,2136.0,2021.0,13,121,007200,13121007200,0.9461610486891385
59474.0,3359.0,3029.0,13,121,010508,13121010508,0.9017564751414111
50118.0,5073.0,698.0,13,089,021306,13089021306,0.13759116893356987
50362.0,4185.0,340.0,13,089,021307,13089021307,0.08124253285543608
52813.0,4391.0,500.0,13,089,021308,13089021308,0.11386927806877704
50666.0,3930.0,1361.0,13,089,021409,13089021409,0.34631043256997457
62951.0,5443.0,428.0,13,089,021410,13089021410,0.07863310674260518
92404.0,3242.0,358.0,13,089,021411,13089021411,0.11042566317088218
115759.0,3764.0,151.0,13,089,021412,13089021412,0.040116896918172155
47885.0,4081.0,490.0,13,089,021413,13089021413,0.12006861063464837
53222.0,4156.0,1208.0,13,089,021414,13089021414,0.2906641000962464
111827.0,3687.0,202.0,13,089,021415,13089021415,0.05478708977488473
108203.0,2298.0,136.0,13,089,021416,13089021416,0.05918189730200174
56071.0,4006.0,29.0,13,143,010100,13143010100,0.007239141288067898
49091.0,5377.0,138.0,13,143,010200,13143010200,0.02566486888599591
48239.0,3921.0,165.0,13,143,010301,13143010301,0.042081101759755164
52609.0,7922.0,444.0,13,143,010302,13143010302,0.05604645291593032
45023.0,8001.0,705.0,13,143,010400,13143010400,0.08811398575178103
133646.0,3199.0,36.0,13,067,030332,13067030332,0.011253516723976243
180536.0,7165.0,0.0,13,067,030336,13067030336,0.0
49406.0,6449.0,1863.0,13,067,030405,13067030405,0.2888819972088696
83611.0,5956.0,961.0,13,067,030504,13067030504,0.16134989926124915
63838.0,6003.0,1197.0,13,067,030902,13067030902,0.19940029985007496
59093.0,6146.0,1109.0,13,067,031101,13067031101,0.18044256426944355
66154.0,3241.0,290.0,13,067,031110,13067031110,0.08947855600123418
78824.0,4566.0,2091.0,13,067,031306,13067031306,0.4579500657030223
58530.0,8152.0,3843.0,13,067,031405,13067031405,0.4714180569185476
110000.0,7662.0,1829.0,13,067,030209,13067030209,0.23871051944661967
136076.0,6752.0,340.0,13,067,030328,13067030328,0.050355450236966824
69261.0,8700.0,3605.0,13,067,030905,13067030905,0.414367816091954
29016.0,5366.0,1234.0,13,067,031001,13067031001,0.22996645546030564
101548.0,5932.0,1265.0,13,067,031112,13067031112,0.21325016857720835
65530.0,9443.0,4461.0,13,067,031503,13067031503,0.4724134279360373
85197.0,5991.0,444.0,13,067,030311,13067030311,0.07411116675012519
156037.0,4442.0,146.0,13,067,030326,13067030326,0.03286807744259343
97257.0,2047.0,168.0,13,121,000400,13121000400,0.08207132388861749
168396.0,5410.0,131.0,13,121,000100,13121000100,0.02421441774491682
53686.0,7952.0,1572.0,13,121,000600,13121000600,0.1976861167002012
53889.0,2074.0,1193.0,13,121,003500,13121003500,0.5752169720347156
54208.0,2214.0,1791.0,13,121,004100,13121004100,0.8089430894308943
75570.0,2586.0,923.0,13,121,005000,13121005000,0.35692188708430006
21804.0,2846.0,2627.0,13,121,005502,13121005502,0.9230498945888967
29323.0,3908.0,3692.0,13,121,006100,13121006100,0.9447287615148413
31483.0,1492.0,1270.0,13,121,006300,13121006300,0.8512064343163539
26205.0,3348.0,2872.0,13,121,007500,13121007500,0.8578255675029869
24398.0,3404.0,3215.0,13,121,007807,13121007807,0.9444770857814336
12485.0,4580.0,4342.0,13,121,007808,13121007808,0.9480349344978166
27119.0,6647.0,6281.0,13,121,008102,13121008102,0.9449375658191665
68469.0,5735.0,789.0,13,013,180503,13013180503,0.13757628596338273
63125.0,1487.0,13.0,13,015,960101,13015960101,0.008742434431741762
73497.0,10296.0,197.0,13,015,960102,13015960102,0.019133644133644132
47885.0,10696.0,1946.0,13,015,960401,13015960401,0.18193717277486912
61650.0,8975.0,1361.0,13,015,960402,13015960402,0.1516434540389972
58240.0,3081.0,101.0,13,015,960901,13015960901,0.03278156442713405
66733.0,7004.0,527.0,13,015,960902,13015960902,0.07524271844660194
95308.0,18598.0,5422.0,13,135,050607,13135050607,0.2915367243789655
90029.0,19821.0,5019.0,13,135,050608,13135050608,0.2532162857575299
98038.0,14829.0,2770.0,13,135,050609,13135050609,0.1867961426933711
118623.0,16924.0,2344.0,13,135,050610,13135050610,0.13850153627983927
64496.0,3998.0,2107.0,13,135,050722,13135050722,0.5270135067533767
86563.0,8095.0,5060.0,13,135,050723,13135050723,0.625077208153181
86588.0,18893.0,8092.0,13,135,050724,13135050724,0.42830678028899594
67525.0,6520.0,3410.0,13,135,050725,13135050725,0.5230061349693251
69422.0,10413.0,3042.0,13,135,050726,13135050726,0.29213483146067415
99072.0,10850.0,3845.0,13,135,050727,13135050727,0.3543778801843318
94167.0,15493.0,11336.0,13,135,050728,13135050728,0.7316852772219712
64152.0,3381.0,1760.0,13,135,050729,13135050729,0.5205560485063591
70779.0,7460.0,3721.0,13,135,050730,13135050730,0.49879356568364613
65704.0,10440.0,5249.0,13,135,050731,13135050731,0.5027777777777778
54575.0,6193.0,955.0,13,089,021417,13089021417,0.15420636202163734
82454.0,6236.0,1702.0,13,089,021605,13089021605,0.27293136626042336
44883.0,2752.0,1649.0,13,089,021813,13089021813,0.5992005813953488
39085.0,6120.0,2352.0,13,089,021814,13089021814,0.3843137254901961
27835.0,1569.0,1406.0,13,089,021911,13089021911,0.8961121733588273
57381.0,3938.0,582.0,13,089,021503,13089021503,0.14779075672930422
77708.0,5357.0,692.0,13,089,021504,13089021504,0.1291767780474146
44881.0,6577.0,2659.0,13,121,010800,13121010800,0.4042876691500684
85081.0,7783.0,2105.0,13,121,011405,13121011405,0.2704612617242709
91222.0,9520.0,1244.0,13,121,011412,13121011412,0.13067226890756303
23546.0,3036.0,2160.0,13,121,011000,13121011000,0.7114624505928854
60333.0,2365.0,1368.0,13,121,011100,13121011100,0.5784355179704017
68618.0,2409.0,1359.0,13,121,002100,13121002100,0.564134495641345
61125.0,5210.0,4982.0,13,121,007900,13121007900,0.9562380038387716
35670.0,3380.0,2464.0,13,121,011201,13121011201,0.7289940828402367
33000.0,2090.0,2025.0,13,121,003900,13121003900,0.9688995215311005
82212.0,6809.0,1180.0,13,121,010210,13121010210,0.17330004405933325
132813.0,5040.0,121.0,13,117,130304,13117130304,0.02400793650793651
118513.0,6304.0,102.0,13,117,130305,13117130305,0.01618020304568528
124886.0,4988.0,272.0,13,117,130306,13117130306,0.0545308740978348
113919.0,5952.0,407.0,13,117,130307,13117130307,0.06838037634408602
73750.0,6130.0,15.0,13,117,130403,13117130403,0.0024469820554649264
145000.0,4724.0,431.0,13,117,130404,13117130404,0.09123624047417443
113833.0,4942.0,402.0,13,117,130405,13117130405,0.08134358559287738
90221.0,5147.0,88.0,13,117,130203,13117130203,0.017097338255294345
74055.0,6738.0,75.0,13,117,130204,13117130204,0.011130899376669634
73409.0,4717.0,413.0,13,117,130205,13117130205,0.08755564977740089
117995.0,5888.0,93.0,13,117,130301,13117130301,0.01579483695652174
128869.0,7928.0,145.0,13,117,130302,13117130302,0.01828960645812311
92988.0,3588.0,153.0,13,117,130303,13117130303,0.042642140468227424
77260.0,5933.0,5176.0,13,089,023315,13089023315,0.8724085622787797
69120.0,8865.0,8555.0,13,089,023316,13089023316,0.9650310208685843
69087.0,10658.0,10053.0,13,089,023419,13089023419,0.9432351285419404
43165.0,9102.0,8582.0,13,089,023421,13089023421,0.9428696989672599
69966.0,6576.0,4960.0,13,151,070107,13151070107,0.754257907542579
67159.0,5641.0,4271.0,13,151,070108,13151070108,0.7571352597057259
70174.0,3658.0,1474.0,13,151,070109,13151070109,0.40295243302351014
82901.0,7809.0,2782.0,13,151,070110,13151070110,0.35625560250992444
52259.0,8462.0,5678.0,13,151,070111,13151070111,0.6709997636492555
47566.0,4140.0,1183.0,13,151,070113,13151070113,0.2857487922705314
88135.0,4987.0,1486.0,13,151,070204,13151070204,0.2979747343092039
78520.0,4294.0,1797.0,13,151,070307,13151070307,0.41849091755938517
92083.0,5139.0,1804.0,13,151,070310,13151070310,0.35104105857170653
48146.0,11603.0,8647.0,13,151,070311,13151070311,0.7452383004395415
62479.0,11557.0,2350.0,13,151,070403,13151070403,0.20333996711949467
64528.0,8384.0,3455.0,13,151,070404,13151070404,0.41209446564885494
63170.0,7526.0,3448.0,13,151,070501,13151070501,0.4581450969970768
48986.0,5208.0,3274.0,13,151,070114,13151070114,0.6286482334869432
69006.0,11914.0,3592.0,13,217,100100,13217100100,0.30149404062447543
52823.0,9636.0,4504.0,13,217,100300,13217100300,0.46741386467413865
64662.0,4028.0,24.0,13,227,050400,13227050400,0.005958291956305859
94013.0,5374.0,107.0,13,227,050100,13227050100,0.019910681056940827
57325.0,6591.0,165.0,13,227,050200,13227050200,0.025034137460172964
64706.0,6110.0,9.0,13,227,050600,13227050600,0.0014729950900163667
58438.0,4594.0,0.0,13,227,050300,13227050300,0.0
59545.0,4690.0,19.0,13,227,050500,13227050500,0.004051172707889125
24890.0,2551.0,2362.0,13,121,008500,13121008500,0.9259114072912583
72432.0,8007.0,2720.0,13,121,008902,13121008902,0.33970276008492567
152500.0,5213.0,19.0,13,121,009900,13121009900,0.0036447343180510262
81952.0,4371.0,1017.0,13,121,010106,13121010106,0.23266986959505834
103828.0,5607.0,215.0,13,121,010205,13121010205,0.03834492598537542
72022.0,4029.0,812.0,13,121,010208,13121010208,0.20153884338545544
75636.0,21010.0,19263.0,13,121,010301,13121010301,0.9168491194669205
43986.0,7495.0,6742.0,13,121,010507,13121010507,0.8995330220146764
158011.0,6175.0,149.0,13,121,000200,13121000200,0.024129554655870446
62656.0,5064.0,1697.0,13,121,001900,13121001900,0.33511058451816744
71210.0,2425.0,951.0,13,121,002900,13121002900,0.3921649484536082
113125.0,3630.0,343.0,13,121,003000,13121003000,0.09449035812672177
36750.0,2846.0,2204.0,13,121,004300,13121004300,0.7744202389318342
42679.0,1479.0,1057.0,13,121,005800,13121005800,0.7146720757268424
61507.0,8448.0,166.0,13,085,970100,13085970100,0.019649621212121212
35301.0,5740.0,2613.0,13,063,040302,13063040302,0.45522648083623696
38023.0,6666.0,4173.0,13,063,040303,13063040303,0.626012601260126
49265.0,3892.0,3527.0,13,063,040510,13063040510,0.9062178828365879
56328.0,6535.0,5073.0,13,063,040516,13063040516,0.7762815608263198
95603.0,4971.0,2226.0,13,063,040614,13063040614,0.44779722389861193
33276.0,2850.0,2271.0,13,063,040202,13063040202,0.7968421052631579
54265.0,7329.0,4584.0,13,063,040413,13063040413,0.6254604993860008
57924.0,13311.0,8216.0,13,063,040411,13063040411,0.6172338667267674
46530.0,7920.0,4765.0,13,063,040412,13063040412,0.6016414141414141
43905.0,7778.0,6058.0,13,063,040514,13063040514,0.7788634610439702
41016.0,5552.0,4787.0,13,063,040512,13063040512,0.8622118155619597
75135.0,8399.0,5301.0,13,063,040613,13063040613,0.63114656506727
38977.0,7359.0,5483.0,13,063,040515,13063040515,0.7450740589754042
40995.0,6850.0,3841.0,13,063,040611,13063040611,0.5607299270072993
103239.0,11939.0,619.0,13,057,090803,13057090803,0.051846888349107965
97135.0,9670.0,567.0,13,057,090804,13057090804,0.058634953464322646
64873.0,10465.0,894.0,13,057,090904,13057090904,0.08542761586239847
63723.0,4206.0,149.0,13,057,090905,13057090905,0.035425582501188775
103387.0,6719.0,322.0,13,057,091007,13057091007,0.04792379818425361
91549.0,9507.0,951.0,13,057,091008,13057091008,0.10003155569580309
28422.0,4262.0,2139.0,13,063,040308,13063040308,0.501877053026748
80858.0,7515.0,6883.0,13,089,023423,13089023423,0.9159015302727878
73652.0,6057.0,5592.0,13,089,023425,13089023425,0.9232293214462606
74083.0,4693.0,4358.0,13,089,023426,13089023426,0.9286170892819092
62969.0,2789.0,2477.0,13,089,023427,13089023427,0.8881319469343851
39408.0,10151.0,9720.0,13,089,023428,13089023428,0.9575411289528125
-666666666.0,0.0,0.0,13,089,980000,13089980000,
66552.0,6224.0,6050.0,13,089,023422,13089023422,0.9720437017994858
64375.0,5533.0,5114.0,13,089,023424,13089023424,0.9242725465389481
48239.0,7616.0,4828.0,13,097,080103,13097080103,0.6339285714285714
41587.0,3603.0,1414.0,13,097,080303,13097080303,0.3924507354981959
39140.0,5463.0,3113.0,13,097,080304,13097080304,0.5698334248581366
63078.0,8288.0,5999.0,13,097,080102,13097080102,0.7238175675675675
73622.0,4817.0,1573.0,13,097,080403,13097080403,0.32655179572347937
70167.0,8201.0,3472.0,13,097,080404,13097080404,0.42336300451164494
64468.0,5339.0,1978.0,13,097,080508,13097080508,0.3704813635512268
88580.0,6189.0,2869.0,13,097,080509,13097080509,0.46356438843108744
77971.0,8492.0,4132.0,13,097,080510,13097080510,0.48657560056523785
99850.0,9531.0,5445.0,13,097,080511,13097080511,0.5712936732766761
81139.0,7293.0,3208.0,13,097,080603,13097080603,0.4398738516385575
96667.0,7314.0,1024.0,13,067,030502,13067030502,0.1400054689636314
51744.0,6895.0,2635.0,13,067,030505,13067030505,0.3821609862218999
54205.0,6135.0,1286.0,13,067,030800,13067030800,0.20961695191524043
44507.0,8313.0,3706.0,13,067,031004,13067031004,0.4458077709611452
76182.0,8628.0,3560.0,13,067,031106,13067031106,0.41261010662957814
57610.0,5190.0,2327.0,13,067,031108,13067031108,0.4483622350674374
53227.0,5194.0,1786.0,13,067,031308,13067031308,0.3438582980361956
52960.0,6899.0,4046.0,13,067,031309,13067031309,0.5864618060588491
38231.0,8613.0,5269.0,13,067,031310,13067031310,0.611749680715198
48983.0,12054.0,7675.0,13,151,070304,13151070304,0.6367181018748963
58134.0,6176.0,2523.0,13,151,070106,13151070106,0.40851683937823835
71927.0,11353.0,5424.0,13,151,070306,13151070306,0.47775918259490885
104632.0,18312.0,4462.0,13,151,070203,13151070203,0.24366535605067716
94963.0,9679.0,4815.0,13,151,070305,13151070305,0.49746874677136066
34517.0,7938.0,5208.0,13,063,040612,13063040612,0.656084656084656
49519.0,5915.0,3331.0,13,063,040409,13063040409,0.5631445477599324
49719.0,7166.0,4442.0,13,063,040410,13063040410,0.6198716159642758
64849.0,4698.0,4274.0,13,063,040509,13063040509,0.9097488292890592
49271.0,4046.0,2001.0,13,063,040407,13063040407,0.4945625308947108
43841.0,5789.0,4691.0,13,063,040518,13063040518,0.8103299360856797
45800.0,3894.0,1865.0,13,063,040606,13063040606,0.4789419619928095
68047.0,13393.0,10308.0,13,063,040608,13063040608,0.7696557903382364
25060.0,2327.0,2170.0,13,121,008301,13121008301,0.9325311559948432
32044.0,6824.0,6188.0,13,121,007300,13121007300,0.906799531066823
41529.0,7234.0,7011.0,13,121,007806,13121007806,0.9691733480785181
43854.0,5529.0,5184.0,13,121,008000,13121008000,0.9376017362995117
24183.0,2649.0,2293.0,13,121,008400,13121008400,0.8656096640241601
37708.0,1562.0,1398.0,13,121,008602,13121008602,0.8950064020486556
111146.0,5341.0,432.0,13,121,009000,13121009000,0.08088372963864444
106128.0,5298.0,209.0,13,121,009300,13121009300,0.03944884862212156
75088.0,5537.0,1105.0,13,121,009402,13121009402,0.19956655228463066
203636.0,1990.0,48.0,13,121,010107,13121010107,0.024120603015075376
80641.0,16329.0,15337.0,13,121,010304,13121010304,0.9392491885602303
34830.0,4298.0,3979.0,13,121,010603,13121010603,0.9257794322940903
23684.0,196.0,196.0,13,121,003700,13121003700,1.0
28056.0,2902.0,2716.0,13,121,002400,13121002400,0.9359062715368711
42500.0,7721.0,2031.0,13,199,970700,13199970700,0.2630488278720373
33457.0,4521.0,3070.0,13,199,970800,13199970800,0.6790533067905331
55609.0,4205.0,187.0,13,149,970200,13149970200,0.04447086801426873
39952.0,4446.0,573.0,13,149,970100,13149970100,0.12887989203778677
61154.0,3085.0,264.0,13,149,970300,13149970300,0.08557536466774716
172279.0,6206.0,160.0,13,089,021214,13089021214,0.025781501772478246
80692.0,6793.0,791.0,13,089,021209,13089021209,0.11644339761519211
51555.0,16529.0,15427.0,13,089,023418,13089023418,0.93332930001815
48638.0,7087.0,5959.0,13,089,023303,13089023303,0.8408353322985749
72537.0,4297.0,658.0,13,089,021502,13089021502,0.15313009076099604
90648.0,7102.0,1642.0,13,089,022500,13089022500,0.23120247817516193
30283.0,2814.0,2494.0,13,121,002500,13121002500,0.8862828713574982
33611.0,1672.0,1584.0,13,121,002600,13121002600,0.9473684210526315
23587.0,3368.0,3009.0,13,121,004400,13121004400,0.8934085510688836
22696.0,4953.0,4869.0,13,121,008601,13121008601,0.9830405814657783
19740.0,3412.0,2840.0,13,121,007400,13121007400,0.8323563892145369
38080.0,6367.0,6298.0,13,121,008201,13121008201,0.9891628710538716
27093.0,2357.0,2277.0,13,121,008202,13121008202,0.9660585490029698
126711.0,3925.0,294.0,13,121,010108,13121010108,0.07490445859872612
73727.0,8275.0,1332.0,13,121,010110,13121010110,0.1609667673716012
71457.0,10840.0,10767.0,13,121,010303,13121010303,0.9932656826568266
66425.0,4943.0,912.0,13,089,021603,13089021603,0.18450333805381347
68216.0,6732.0,2960.0,13,089,021806,13089021806,0.43969102792632203
89146.0,4371.0,538.0,13,089,022302,13089022302,0.1230839624799817
32083.0,6698.0,1419.0,13,089,022402,13089022402,0.21185428486115257
136711.0,4361.0,902.0,13,089,022800,13089022800,0.20683329511579912
59983.0,5569.0,5142.0,13,089,023209,13089023209,0.9233255521637637
49980.0,3480.0,3181.0,13,089,023211,13089023211,0.914080459770115
46509.0,10076.0,9550.0,13,089,023309,13089023309,0.9477967447399762
40830.0,10967.0,10387.0,13,089,023310,13089023310,0.9471140694811708
69542.0,6603.0,6058.0,13,089,023414,13089023414,0.9174617598061487
72303.0,3188.0,2055.0,13,089,023601,13089023601,0.6446047678795483
99337.0,6785.0,758.0,13,089,021809,13089021809,0.11171702284450995
46448.0,5572.0,4312.0,13,089,021906,13089021906,0.7738693467336684
39266.0,5395.0,3989.0,13,089,022005,13089022005,0.7393883225208526
82131.0,6600.0,1119.0,13,089,022600,13089022600,0.16954545454545455
51222.0,4201.0,2982.0,13,089,023107,13089023107,0.7098309926208046
32000.0,3361.0,3140.0,13,089,023501,13089023501,0.9342457601904195
38156.0,3650.0,3198.0,13,089,023603,13089023603,0.8761643835616438
47712.0,6054.0,4764.0,13,089,023700,13089023700,0.7869177403369673
81103.0,4125.0,2361.0,13,089,023801,13089023801,0.5723636363636364
33682.0,8059.0,7633.0,13,089,023210,13089023210,0.9471398436530587
78486.0,6762.0,461.0,13,117,130406,13117130406,0.06817509612540669
63000.0,3537.0,100.0,13,117,130408,13117130408,0.02827254735651682
66000.0,3396.0,90.0,13,117,130409,13117130409,0.026501766784452298
47813.0,4723.0,566.0,13,117,130410,13117130410,0.11983908532712259
92990.0,8822.0,1518.0,13,135,050214,13135050214,0.17206982543640897
64306.0,2907.0,692.0,13,135,050215,13135050215,0.23804609563123494
83193.0,10971.0,1514.0,13,135,050216,13135050216,0.13800018229878772
91451.0,9388.0,1922.0,13,135,050217,13135050217,0.20472944184064765
68529.0,4488.0,525.0,13,135,050218,13135050218,0.11697860962566844
67188.0,3662.0,986.0,13,135,050219,13135050219,0.2692517749863463
57845.0,6957.0,2652.0,13,135,050220,13135050220,0.3811987925830099
41711.0,3937.0,2098.0,13,135,050317,13135050317,0.5328930657861316
47321.0,2807.0,1457.0,13,135,050318,13135050318,0.5190594941218383
42500.0,5856.0,1265.0,13,135,050320,13135050320,0.21601775956284153
43355.0,6759.0,1758.0,13,135,050319,13135050319,0.2600976475810031
50172.0,7363.0,1900.0,13,067,030228,13067030228,0.2580469917153334
79243.0,13473.0,4016.0,13,067,030230,13067030230,0.29807763675499144
108375.0,6472.0,2555.0,13,067,030232,13067030232,0.39477750309023485
102868.0,4631.0,1381.0,13,067,030233,13067030233,0.2982077305117685
118810.0,6630.0,1405.0,13,067,030234,13067030234,0.2119155354449472
105819.0,4948.0,928.0,13,067,030235,13067030235,0.18755052546483428
145938.0,4804.0,413.0,13,067,030236,13067030236,0.08597002497918402
113047.0,6741.0,926.0,13,067,030238,13067030238,0.13736834297581962
131750.0,7819.0,716.0,13,067,030239,13067030239,0.09157181225220616
160750.0,3987.0,56.0,13,067,030340,13067030340,0.014045648357160772
121167.0,4301.0,478.0,13,067,030341,13067030341,0.1111369448965357
44015.0,7819.0,1637.0,13,015,960700,13015960700,0.20936181097327025
53527.0,3873.0,200.0,13,015,960801,13015960801,0.051639555899819264
40551.0,3087.0,88.0,13,015,960802,13015960802,0.02850664075153871
53471.0,8892.0,1681.0,13,015,960600,13015960600,0.1890463337831759
49531.0,11099.0,756.0,13,015,960200,13015960200,0.06811424452653392
62716.0,8371.0,1389.0,13,015,960500,13015960500,0.1659299964161988
70000.0,8230.0,549.0,13,015,961000,13015961000,0.06670716889428918
65576.0,6452.0,339.0,13,015,960300,13015960300,0.05254184748915065
53636.0,5557.0,147.0,13,015,960803,13015960803,0.026453122188231058
55116.0,11259.0,4637.0,13,097,080202,13097080202,0.411848299138467
43484.0,13020.0,9067.0,13,097,080301,13097080301,0.6963901689708142
25651.0,3966.0,3659.0,13,121,006700,13121006700,0.9225920322743318
73429.0,3483.0,1621.0,13,121,006900,13121006900,0.46540338788400804
45451.0,2651.0,2536.0,13,121,007002,13121007002,0.9566201433421351
25489.0,2751.0,2477.0,13,121,007100,13121007100,0.9003998545983278
28318.0,1917.0,1892.0,13,121,008302,13121008302,0.9869587897756912
71482.0,7359.0,1798.0,13,121,009200,13121009200,0.24432667481994835
171875.0,5403.0,85.0,13,121,010204,13121010204,0.015732000740329447
61575.0,5401.0,2277.0,13,121,010209,13121010209,0.4215885947046843
50980.0,8551.0,4328.0,13,121,010400,13121010400,0.5061396327914863
58750.0,6698.0,4049.0,13,063,040609,13063040609,0.604508808599582
63980.0,4604.0,3728.0,13,063,040513,13063040513,0.8097306689834927
44551.0,8489.0,4582.0,13,063,040408,13063040408,0.5397573330192014
66490.0,4617.0,524.0,13,121,001500,13121001500,0.11349361056963396
26683.0,1268.0,1165.0,13,121,002300,13121002300,0.918769716088328
124358.0,5919.0,545.0,13,121,011419,13121011419,0.09207636425071802
48988.0,8235.0,1456.0,13,121,011420,13121011420,0.17680631451123255
50326.0,4280.0,990.0,13,121,011421,13121011421,0.23130841121495327
70833.0,3795.0,464.0,13,121,011422,13121011422,0.12226613965744401
128085.0,4774.0,266.0,13,121,011423,13121011423,0.05571847507331378
95410.0,5748.0,1221.0,13,121,011424,13121011424,0.21242171189979123
162672.0,7236.0,762.0,13,121,011425,13121011425,0.10530679933665009
126375.0,2465.0,118.0,13,121,011426,13121011426,0.04787018255578093
126452.0,7950.0,544.0,13,121,011427,13121011427,0.06842767295597484
168750.0,11325.0,847.0,13,121,011503,13121011503,0.07479028697571743
236149.0,13727.0,442.0,13,121,011504,13121011504,0.032199315218183144
166938.0,4377.0,425.0,13,121,011505,13121011505,0.09709846927119031
165266.0,5969.0,393.0,13,121,011506,13121011506,0.06584017423353995
114464.0,5918.0,898.0,13,121,011610,13121011610,0.15174045285569449
68620.0,8707.0,1790.0,13,121,011611,13121011611,0.20558171586080165
150901.0,3376.0,235.0,13,121,011612,13121011612,0.0696090047393365
110066.0,7137.0,1184.0,13,121,011613,13121011613,0.16589603474849376
74184.0,15411.0,3551.0,13,121,011614,13121011614,0.23041982999156446
161263.0,10672.0,917.0,13,121,011615,13121011615,0.08592578710644677
104176.0,6372.0,948.0,13,121,011616,13121011616,0.1487758945386064
144125.0,7891.0,369.0,13,121,011617,13121011617,0.04676213407679635
122857.0,4599.0,624.0,13,121,011618,13121011618,0.13568166992824526
93750.0,7869.0,1113.0,13,121,011619,13121011619,0.1414410979794129
141513.0,10206.0,1158.0,13,121,011620,13121011620,0.11346266901822458
157692.0,6962.0,375.0,13,121,011621,13121011621,0.05386383223211721
149583.0,11005.0,1419.0,13,121,011622,13121011622,0.12894139027714674
121389.0,12517.0,1361.0,13,121,011623,13121011623,0.10873212431093712
196016.0,4138.0,486.0,13,121,011624,13121011624,0.11744804253262446
122361.0,8542.0,845.0,13,121,011625,13121011625,0.09892296885975181
102699.0,9546.0,1169.0,13,121,011626,13121011626,0.12245966897129688
30972.0,1867.0,1385.0,13,121,011800,13121011800,0.741831815747188
25699.0,3517.0,2106.0,13,121,011900,13121011900,0.5988058003980665
27188.0,3311.0,2762.0,13,121,012000,13121012000,0.8341890667472063
151875.0,4065.0,341.0,13,135,050308,13135050308,0.08388683886838869
35882.0,5907.0,944.0,13,135,050417,13135050417,0.15981039444726597
84151.0,6545.0,961.0,13,135,050427,13135050427,0.146829640947288
106287.0,7643.0,1473.0,13,135,050713,13135050713,0.19272536961925946
53875.0,5751.0,3077.0,13,135,050719,13135050719,0.5350373848026431
80772.0,11311.0,1672.0,13,135,050103,13135050103,0.14782070550791265
51794.0,9279.0,1862.0,13,135,050313,13135050313,0.20066817544994073
67833.0,3895.0,2377.0,13,135,050416,13135050416,0.6102695763799744
37970.0,7323.0,1698.0,13,135,050418,13135050418,0.23187218353133962
39133.0,8163.0,1384.0,13,135,050422,13135050422,0.16954551022908246
47539.0,8218.0,1828.0,13,135,050424,13135050424,0.222438549525432
41512.0,5390.0,1965.0,13,135,050520,13135050520,0.3645640074211503
58897.0,5879.0,1592.0,13,135,050521,13135050521,0.2707943527810852
79971.0,5952.0,1181.0,13,135,050715,13135050715,0.1984206989247312
70102.0,5942.0,1294.0,13,135,050310,13135050310,0.21777179400875127
75042.0,8690.0,4786.0,13,135,050721,13135050721,0.5507479861910242
104302.0,2830.0,599.0,13,135,050311,13135050311,0.211660777385159
51930.0,7885.0,1376.0,13,135,050419,13135050419,0.17450856055802155
49836.0,3592.0,1103.0,13,217,100400,13217100400,0.30707126948775054
43031.0,5929.0,2785.0,13,217,100600,13217100600,0.4697250801146905
55948.0,10812.0,2456.0,13,217,100800,13217100800,0.22715501294857565
39555.0,6255.0,3861.0,13,217,100700,13217100700,0.6172661870503597
109643.0,2730.0,26.0,13,117,130503,13117130503,0.009523809523809525
79653.0,4113.0,167.0,13,117,130504,13117130504,0.040602966204716755
92805.0,2701.0,20.0,13,117,130505,13117130505,0.0074046649389115145
93750.0,3597.0,0.0,13,117,130506,13117130506,0.0
78352.0,3147.0,0.0,13,117,130507,13117130507,0.0
129375.0,5570.0,138.0,13,117,130508,13117130508,0.024775583482944345
123281.0,4625.0,175.0,13,067,030342,13067030342,0.03783783783783784
127375.0,4455.0,57.0,13,067,030343,13067030343,0.012794612794612794
49206.0,3850.0,2206.0,13,067,030344,13067030344,0.5729870129870129
71676.0,5602.0,2116.0,13,067,030345,13067030345,0.3777222420564084
74196.0,4642.0,563.0,13,067,030407,13067030407,0.12128392934080137
77577.0,2862.0,389.0,13,067,030408,13067030408,0.13591893780573025
120156.0,3184.0,84.0,13,067,030409,13067030409,0.026381909547738693
67993.0,4656.0,930.0,13,067,030410,13067030410,0.19974226804123713
38994.0,2206.0,1138.0,13,067,030411,13067030411,0.5158658204895739
46094.0,5269.0,1926.0,13,067,030412,13067030412,0.365534256974758
50325.0,5554.0,2028.0,13,067,030413,13067030413,0.3651422398271516
44578.0,3389.0,1826.0,13,067,030414,13067030414,0.5388020064915905
65259.0,4824.0,1102.0,13,067,030506,13067030506,0.22844112769485903
84545.0,4979.0,936.0,13,067,030507,13067030507,0.18798955613577023
66991.0,9189.0,3086.0,13,067,030601,13067030601,0.33583632604200675
92684.0,6709.0,839.0,13,067,030602,13067030602,0.1250558950663288
45917.0,1411.0,889.0,13,067,031113,13067031113,0.630049610205528
56370.0,7511.0,2690.0,13,067,031114,13067031114,0.35814139262415123
48619.0,4588.0,1395.0,13,097,080505,13097080505,0.30405405405405406
86988.0,9296.0,1376.0,13,097,080402,13097080402,0.14802065404475043
73889.0,5478.0,2823.0,13,097,080602,13097080602,0.5153340635268346
65668.0,5410.0,1438.0,13,097,080201,13097080201,0.2658040665434381
61654.0,6069.0,1543.0,13,097,080506,13097080506,0.2542428736200362
72368.0,3613.0,1207.0,13,097,080507,13097080507,0.33407140880154995
56719.0,8399.0,7814.0,13,121,010511,13121010511,0.9303488510536969
66144.0,13374.0,11545.0,13,121,010514,13121010514,0.8632421115597427
50893.0,5106.0,3851.0,13,121,011301,13121011301,0.7542107324716021
117157.0,6745.0,928.0,13,121,011410,13121011410,0.13758339510748702
85114.0,7659.0,1407.0,13,121,011411,13121011411,0.18370544457500979
80389.0,7683.0,1889.0,13,121,011414,13121011414,0.24586749967460628
14375.0,2235.0,2124.0,13,121,006802,13121006802,0.9503355704697987
37500.0,1725.0,1665.0,13,121,006200,13121006200,0.9652173913043478
50163.0,3843.0,2883.0,13,121,006500,13121006500,0.7501951600312255
74189.0,10565.0,6581.0,13,247,060202,13247060202,0.6229058211074302
42517.0,7148.0,6533.0,13,089,023213,13089023213,0.9139619473978735
48150.0,6165.0,6005.0,13,089,023214,13089023214,0.9740470397404704
-666666666.0,2240.0,1806.0,13,089,023115,13089023115,0.80625
82019.0,5045.0,4595.0,13,089,023311,13089023311,0.910802775024777
72651.0,10571.0,9689.0,13,089,023312,13089023312,0.9165641850345284
55143.0,5294.0,4933.0,13,089,023313,13089023313,0.9318095957687949
53858.0,6061.0,5656.0,13,089,023314,13089023314,0.9331793433426827
22868.0,3137.0,2266.0,13,255,160300,13255160300,0.7223461906279885
34333.0,2578.0,968.0,13,255,160900,13255160900,0.37548487199379366
69110.0,7538.0,1202.0,13,255,160200,13255160200,0.15945874237198196
49003.0,6241.0,2679.0,13,255,160500,13255160500,0.4292581317096619
57296.0,5495.0,861.0,13,255,161000,13255161000,0.15668789808917197
44548.0,5314.0,732.0,13,255,160100,13255160100,0.13774934136243885
28935.0,6366.0,3552.0,13,255,160400,13255160400,0.5579641847313855
50233.0,8343.0,2286.0,13,255,161200,13255161200,0.2740021574973031
54977.0,4019.0,150.0,13,255,160600,13255160600,0.03732271709380443
60938.0,4281.0,658.0,13,255,161100,13255161100,0.15370240597991122
45487.0,8217.0,4278.0,13,255,160700,13255160700,0.520627966411099
30131.0,3777.0,2629.0,13,255,160800,13255160800,0.6960550701615038
108786.0,8946.0,1549.0,13,135,050309,13135050309,0.17315001117818019
39656.0,3735.0,3529.0,13,063,040203,13063040203,0.9448460508701473
42169.0,4648.0,4320.0,13,063,040204,13063040204,0.9294320137693631
35434.0,4502.0,2703.0,13,063,040306,13063040306,0.6003998223011995
41083.0,5038.0,1798.0,13,063,040307,13063040307,0.3568876538308853
40313.0,2068.0,795.0,13,063,040414,13063040414,0.3844294003868472
31851.0,6527.0,4789.0,13,063,040415,13063040415,0.733721464685154
53750.0,3746.0,1647.0,13,063,040416,13063040416,0.4396689802455953
40231.0,5850.0,4717.0,13,063,040417,13063040417,0.8063247863247863
33934.0,4854.0,4627.0,13,063,040519,13063040519,0.9532344458178822
37731.0,4153.0,3512.0,13,063,040520,13063040520,0.8456537442812425
45682.0,3563.0,2644.0,13,063,040521,13063040521,0.7420712882402469
38917.0,4969.0,3626.0,13,063,040522,13063040522,0.7297242906017307
41688.0,2984.0,2399.0,13,063,040523,13063040523,0.8039544235924933
48433.0,7343.0,5912.0,13,063,040524,13063040524,0.8051205229470244
42925.0,3124.0,2635.0,13,063,040525,13063040525,0.8434699103713188
54334.0,7061.0,6268.0,13,063,040526,13063040526,0.8876929613369211
62153.0,2111.0,1327.0,13,063,040615,13063040615,0.6286120322122217
58379.0,8451.0,6961.0,13,063,040616,13063040616,0.8236895042006863
33359.0,1329.0,238.0,13,063,040617,13063040617,0.17908201655379985
66216.0,2556.0,2025.0,13,063,040619,13063040619,0.7922535211267606
72700.0,4575.0,3421.0,13,063,040620,13063040620,0.74775956284153
62705.0,10083.0,7811.0,13,063,040621,13063040621,0.7746702370326292
51672.0,8224.0,5255.0,13,063,040622,13063040622,0.6389834630350194
-666666666.0,0.0,0.0,13,063,980000,13063980000,
58750.0,2697.0,335.0,13,211,010100,13211010100,0.12421208750463478
55179.0,4059.0,551.0,13,211,010200,13211010200,0.13574772111357478
66514.0,6944.0,2954.0,13,211,010300,13211010300,0.4254032258064516
74500.0,3032.0,431.0,13,211,010400,13211010400,0.1421503957783641
71645.0,1775.0,76.0,13,211,010500,13211010500,0.0428169014084507
115500.0,5618.0,458.0,13,113,140207,13113140207,0.08152367390530438
86880.0,6864.0,783.0,13,113,140208,13113140208,0.11407342657342658
92500.0,4035.0,53.0,13,117,130101,13117130101,0.013135068153655513
83125.0,2494.0,36.0,13,117,130102,13117130102,0.014434643143544507
74773.0,4288.0,25.0,13,117,130103,13117130103,0.005830223880597015
88854.0,4213.0,34.0,13,117,130104,13117130104,0.008070258723000238
45083.0,2959.0,171.0,13,117,130105,13117130105,0.0577897938492734
98111.0,5551.0,55.0,13,117,130201,13117130201,0.009908124662223024
114572.0,4729.0,55.0,13,117,130202,13117130202,0.011630365827870586
73981.0,4411.0,2155.0,13,089,020802,13089020802,0.4885513489004761
149306.0,4713.0,529.0,13,089,021703,13089021703,0.11224273286653937
85543.0,5133.0,1037.0,13,089,021808,13089021808,0.20202610559127215
36250.0,5443.0,4042.0,13,089,021908,13089021908,0.7426051809663788
37269.0,7168.0,6055.0,13,089,021909,13089021909,0.8447265625
127957.0,9060.0,1288.0,13,089,021202,13089021202,0.1421633554083885
101437.0,9079.0,791.0,13,077,170402,13077170402,0.08712413261372398
70008.0,7964.0,720.0,13,077,170100,13077170100,0.09040683073832245
54070.0,7489.0,1270.0,13,077,170200,13077170200,0.1695820536787288
38231.0,3624.0,3245.0,13,089,023505,13089023505,0.8954194260485652
174531.0,3987.0,127.0,13,089,022403,13089022403,0.031853523952846755
47012.0,4268.0,3948.0,13,089,023507,13089023507,0.9250234301780693
56821.0,5862.0,4560.0,13,089,023803,13089023803,0.7778915046059366
147614.0,4476.0,171.0,13,089,020300,13089020300,0.03820375335120643
63313.0,2050.0,998.0,13,089,020600,13089020600,0.4868292682926829
66120.0,9751.0,5732.0,13,097,080604,13097080604,0.5878371449082146
31042.0,7305.0,1889.0,13,121,001002,13121001002,0.25859000684462696
93143.0,5206.0,749.0,13,121,001202,13121001202,0.14387245485977718
103846.0,2904.0,385.0,13,121,001001,13121001001,0.13257575757575757
80476.0,4527.0,617.0,13,121,001201,13121001201,0.13629335100508064
13456.0,4565.0,4410.0,13,121,007603,13121007603,0.9660460021905805
21863.0,2575.0,2239.0,13,121,007604,13121007604,0.8695145631067961
44452.0,4463.0,4277.0,13,121,007703,13121007703,0.9583239973112256
52119.0,3883.0,559.0,13,067,030104,13067030104,0.14396085500901365
64326.0,7059.0,2463.0,13,067,030106,13067030106,0.34891627709307266
100857.0,5395.0,1463.0,13,067,030107,13067030107,0.271177015755329
147696.0,5190.0,521.0,13,067,030218,13067030218,0.10038535645472062
121469.0,10652.0,1419.0,13,067,030219,13067030219,0.13321441982726248
111122.0,5993.0,701.0,13,067,030222,13067030222,0.11696979809778074
76559.0,6239.0,1773.0,13,067,030223,13067030223,0.28418015707645455
91838.0,1663.0,376.0,13,067,030220,13067030220,0.22609741431148528
84429.0,6508.0,1254.0,13,067,030224,13067030224,0.19268592501536572
85264.0,11024.0,3955.0,13,067,030226,13067030226,0.35876269956458634
65673.0,8236.0,1427.0,13,067,030227,13067030227,0.17326372025254977
67768.0,6819.0,1559.0,13,067,030229,13067030229,0.22862589822554627
109602.0,8329.0,683.0,13,067,030231,13067030231,0.08200264137351422
90392.0,23491.0,3419.0,13,057,090701,13057090701,0.14554510237963475
90045.0,16463.0,1240.0,13,057,090902,13057090902,0.07532041547713053
100536.0,7584.0,317.0,13,057,090802,13057090802,0.04179852320675106
50705.0,8172.0,1374.0,13,057,091003,13057091003,0.16813509544787078
91726.0,6848.0,21.0,13,057,090501,13057090501,0.003066588785046729
126988.0,15936.0,257.0,13,057,090502,13057090502,0.016127008032128513
66288.0,7399.0,1011.0,13,057,091005,13057091005,0.13664008649817544
89522.0,8370.0,295.0,13,057,090200,13057090200,0.03524492234169654
72299.0,7697.0,227.0,13,057,090702,13057090702,0.029492009873976873
72937.0,5540.0,1856.0,13,135,050430,13135050430,0.33501805054151623
89444.0,6070.0,1710.0,13,135,050714,13135050714,0.28171334431630973
97043.0,8722.0,2106.0,13,135,050718,13135050718,0.24145838110525109
66351.0,11749.0,1993.0,13,135,050106,13135050106,0.16963145799642523
50511.0,7470.0,2205.0,13,135,050421,13135050421,0.29518072289156627
58067.0,7821.0,2398.0,13,135,050423,13135050423,0.3066104078762307
65399.0,12944.0,4357.0,13,135,050511,13135050511,0.3366038318912237
52188.0,2949.0,1358.0,13,121,012300,13121012300,0.4604950830790098
-666666666.0,0.0,0.0,13,121,980000,13121980000,
35814.0,5878.0,5688.0,13,121,007704,13121007704,0.9676760802994215
25906.0,4043.0,3906.0,13,121,007705,13121007705,0.9661142715805096
45101.0,9597.0,9138.0,13,121,007706,13121007706,0.952172553923101
75978.0,2250.0,761.0,13,121,008903,13121008903,0.3382222222222222
85517.0,5155.0,535.0,13,121,008904,13121008904,0.1037827352085354
79489.0,5630.0,942.0,13,121,009101,13121009101,0.16731793960923624
59444.0,3344.0,610.0,13,121,009102,13121009102,0.18241626794258373
33732.0,5781.0,4971.0,13,121,008700,13121008700,0.8598858329008822
185521.0,3706.0,52.0,13,121,009501,13121009501,0.014031300593631947
63269.0,5268.0,1500.0,13,121,009403,13121009403,0.2847380410022779
81004.0,4484.0,716.0,13,121,009404,13121009404,0.15967885816235505
86053.0,3867.0,796.0,13,121,009502,13121009502,0.20584432376519265
107386.0,2631.0,182.0,13,121,009601,13121009601,0.06917521854808058
102778.0,5514.0,814.0,13,121,009602,13121009602,0.14762422923467536
83243.0,4830.0,749.0,13,121,009603,13121009603,0.15507246376811595
125375.0,4746.0,384.0,13,121,009801,13121009801,0.08091024020227561
165583.0,4553.0,263.0,13,121,009802,13121009802,0.05776411157478586
108197.0,4923.0,634.0,13,121,010001,13121010001,0.12878326223847247
146182.0,8716.0,513.0,13,121,010002,13121010002,0.0588572739788894
61583.0,5771.0,1484.0,13,121,010113,13121010113,0.257147808005545
127688.0,2770.0,409.0,13,121,010115,13121010115,0.14765342960288808
72450.0,6849.0,1065.0,13,121,010114,13121010114,0.15549715286903198
60731.0,4319.0,2007.0,13,121,010117,13121010117,0.46469090067145175
55023.0,5728.0,1433.0,13,121,010118,13121010118,0.2501745810055866
56402.0,6351.0,2985.0,13,121,010119,13121010119,0.4700047236655645
77500.0,2238.0,430.0,13,121,010120,13121010120,0.19213583556747096
90451.0,2095.0,182.0,13,121,010121,13121010121,0.08687350835322195
92770.0,3839.0,261.0,13,117,130509,13117130509,0.06798645480593905
127500.0,7510.0,209.0,13,117,130510,13117130510,0.027829560585885486
90605.0,5988.0,330.0,13,117,130601,13117130601,0.05511022044088176
103170.0,5376.0,184.0,13,117,130602,13117130602,0.03422619047619048
143393.0,7826.0,819.0,13,117,130603,13117130603,0.10465116279069768
161375.0,4907.0,43.0,13,117,130604,13117130604,0.008762991644589362
128085.0,4646.0,85.0,13,117,130605,13117130605,0.01829530779164873
118147.0,4659.0,253.0,13,117,130606,13117130606,0.05430349860485083
136422.0,7628.0,70.0,13,117,130607,13117130607,0.009176717357105402
138893.0,6062.0,132.0,13,117,130608,13117130608,0.021774991751897062
140441.0,6671.0,425.0,13,117,130609,13117130609,0.06370858941687903
153958.0,5954.0,47.0,13,117,130610,13117130610,0.007893852872018811
149539.0,4286.0,39.0,13,117,130611,13117130611,0.009099393373775081
143625.0,6832.0,54.0,13,117,130612,13117130612,0.007903981264637002
102074.0,5568.0,348.0,13,117,130613,13117130613,0.0625
75123.0,4690.0,1633.0,13,067,031115,13067031115,0.34818763326226015
50054.0,4387.0,1249.0,13,067,031116,13067031116,0.28470480966491907
90967.0,6131.0,1547.0,13,067,031117,13067031117,0.2523242537922036
84936.0,6169.0,2062.0,13,067,031118,13067031118,0.3342519046847139
87910.0,6588.0,2747.0,13,067,031205,13067031205,0.41697024893746204
79192.0,10395.0,4127.0,13,067,031206,13067031206,0.397017797017797
78977.0,4714.0,1483.0,13,067,031207,13067031207,0.31459482392872296
73611.0,6010.0,1143.0,13,067,031208,13067031208,0.1901830282861897
74086.0,5493.0,747.0,13,223,120605,13223120605,0.13599126160567995
63788.0,7188.0,890.0,13,231,010100,13231010100,0.1238174735670562
71250.0,3507.0,143.0,13,231,010200,13231010200,0.04077559167379527
63973.0,4266.0,516.0,13,231,010300,13231010300,0.1209563994374121
63226.0,3366.0,92.0,13,231,010400,13231010400,0.027332144979203804
113257.0,6374.0,457.0,13,077,170303,13077170303,0.0716975211797929
44250.0,1755.0,1354.0,13,121,006601,13121006601,0.7715099715099715
29528.0,4539.0,4197.0,13,121,007001,13121007001,0.9246530072703238
109426.0,5193.0,299.0,13,121,001100,13121001100,0.057577508184093976
84167.0,2345.0,83.0,13,121,001400,13121001400,0.03539445628997868
49486.0,4281.0,1604.0,13,121,001800,13121001800,0.37467881336136416
111830.0,2389.0,179.0,13,121,003200,13121003200,0.07492674759313521
53152.0,1254.0,973.0,13,121,003600,13121003600,0.7759170653907496
-666666666.0,2287.0,1410.0,13,121,006801,13121006801,0.6165282028858767
103385.0,5430.0,1281.0,13,121,008800,13121008800,0.23591160220994475
40215.0,6460.0,5616.0,13,121,010512,13121010512,0.8693498452012384
48344.0,14560.0,11149.0,13,121,010513,13121010513,0.765728021978022
34508.0,3998.0,2895.0,13,121,010601,13121010601,0.724112056028014
36044.0,2584.0,2245.0,13,121,010604,13121010604,0.8688080495356038
44614.0,3683.0,2276.0,13,121,011202,13121011202,0.617974477328265
84107.0,3339.0,2066.0,13,121,000700,13121000700,0.6187481281820905
76188.0,4421.0,1019.0,13,121,001300,13121001300,0.23049083917665686
20625.0,4283.0,2984.0,13,121,003800,13121003800,0.6967079150128415
32417.0,2705.0,2468.0,13,121,004000,13121004000,0.9123844731977819
18913.0,2477.0,2262.0,13,121,004200,13121004200,0.9132014533710133
84655.0,2835.0,1106.0,13,121,004900,13121004900,0.39012345679012345
56779.0,1849.0,221.0,13,013,180104,13013180104,0.11952406706327745
82784.0,2988.0,91.0,13,013,180105,13013180105,0.030455153949129853
94730.0,5583.0,397.0,13,013,180103,13013180103,0.07110872290883037
51012.0,2687.0,243.0,13,013,180106,13013180106,0.09043542984741347
54958.0,4117.0,55.0,13,013,180107,13013180107,0.013359242166626184
56000.0,2788.0,329.0,13,013,180108,13013180108,0.11800573888091823
56292.0,8485.0,840.0,13,035,150100,13035150100,0.09899823217442545
39986.0,7843.0,3437.0,13,035,150200,13035150200,0.43822516894045643
102874.0,8379.0,1004.0,13,135,050107,13135050107,0.1198233679436687
129112.0,10054.0,1060.0,13,135,050108,13135050108,0.10543067435846429
70771.0,8273.0,1363.0,13,135,050109,13135050109,0.16475281034691164
65292.0,8013.0,2117.0,13,135,050208,13135050208,0.26419568201672283
53272.0,9073.0,1527.0,13,135,050209,13135050209,0.16830155406150116
78525.0,8495.0,2185.0,13,135,050210,13135050210,0.25721012360211887
44870.0,5623.0,1488.0,13,135,050211,13135050211,0.26462742308376314
139097.0,13564.0,678.0,13,135,050212,13135050212,0.04998525508699499
113591.0,13617.0,1939.0,13,135,050213,13135050213,0.14239553499302343
33165.0,5231.0,2948.0,13,121,002800,13121002800,0.5635633722041674
19612.0,988.0,729.0,13,121,004800,13121004800,0.7378542510121457
102303.0,3861.0,1071.0,13,121,005300,13121005300,0.2773892773892774
44878.0,1664.0,1660.0,13,121,008101,13121008101,0.9975961538461539
48051.0,15147.0,12779.0,13,121,010510,13121010510,0.8436654122928633
90140.0,5219.0,1050.0,13,121,000500,13121000500,0.20118796704349493
78182.0,2237.0,127.0,13,121,001600,13121001600,0.05677246312025033
62250.0,2051.0,571.0,13,121,003100,13121003100,0.27840078010726477
37647.0,2547.0,1824.0,13,121,005501,13121005501,0.7161366313309776
159306.0,3237.0,95.0,13,089,021604,13089021604,0.02934816187828236
42305.0,6006.0,4505.0,13,089,021910,13089021910,0.75008325008325
164926.0,3509.0,878.0,13,089,021912,13089021912,0.25021373610715303
32983.0,4450.0,3459.0,13,089,021913,13089021913,0.7773033707865169
41042.0,5572.0,4640.0,13,089,022009,13089022009,0.832735104091888
59583.0,2424.0,946.0,13,089,022010,13089022010,0.39026402640264024
66731.0,2130.0,574.0,13,089,022203,13089022203,0.26948356807511736
68523.0,8242.0,1804.0,13,089,022204,13089022204,0.21887891288522204
62969.0,2263.0,1899.0,13,089,023111,13089023111,0.8391515687140964
29786.0,4877.0,4215.0,13,089,023112,13089023112,0.8642608160754562
40542.0,2780.0,1673.0,13,089,023113,13089023113,0.6017985611510791
51105.0,2901.0,2027.0,13,089,023114,13089023114,0.6987245777318166
65995.0,11011.0,7882.0,13,247,060307,13247060307,0.715829624920534
39056.0,6441.0,3852.0,13,247,060309,13247060309,0.5980437820214253
77429.0,6125.0,3120.0,13,247,060405,13247060405,0.5093877551020408
76657.0,5619.0,2452.0,13,247,060406,13247060406,0.43637657946253783
64428.0,5424.0,2122.0,13,247,060102,13247060102,0.3912241887905605
38269.0,4432.0,1054.0,13,247,060201,13247060201,0.2378158844765343
50530.0,8689.0,5441.0,13,247,060308,13247060308,0.6261940384394061
66244.0,6442.0,3093.0,13,247,060404,13247060404,0.4801303942874884
45486.0,6186.0,3689.0,13,247,060304,13247060304,0.5963465890720983
70987.0,3354.0,1445.0,13,247,060407,13247060407,0.4308288610614192
50156.0,5265.0,3520.0,13,247,060305,13247060305,0.6685660018993352
67048.0,3449.0,940.0,13,247,060101,13247060101,0.27254276601913596
75955.0,3077.0,2199.0,13,247,060306,13247060306,0.7146571335716607
85417.0,3759.0,230.0,13,089,021602,13089021602,0.061186485767491354
105033.0,6045.0,967.0,13,089,021704,13089021704,0.15996691480562447
42679.0,4879.0,1007.0,13,089,021705,13089021705,0.2063947530231605
66638.0,4559.0,954.0,13,089,022001,13089022001,0.2092564158806756
39216.0,4098.0,2053.0,13,089,022007,13089022007,0.5009760858955588
110775.0,3873.0,225.0,13,089,022401,13089022401,0.05809450038729667
44135.0,3689.0,2397.0,13,089,022100,13089022100,0.6497695852534562
84496.0,7121.0,1446.0,13,077,170304,13077170304,0.20306136778542339
81297.0,10346.0,2623.0,13,077,170306,13077170306,0.2535279335008699
41199.0,11332.0,4010.0,13,077,170305,13077170305,0.35386516060713025
104661.0,5268.0,606.0,13,077,170403,13077170403,0.11503416856492027
81150.0,5192.0,68.0,13,077,170404,13077170404,0.013097072419106317
93811.0,7596.0,924.0,13,077,170405,13077170405,0.12164296998420221
86741.0,4257.0,101.0,13,077,170406,13077170406,0.023725628376791166
77542.0,7498.0,652.0,13,077,170501,13077170501,0.08695652173913043
80625.0,6917.0,689.0,13,077,170502,13077170502,0.09960965736591007
86981.0,6003.0,407.0,13,077,170503,13077170503,0.06779943361652507
42679.0,8494.0,4433.0,13,077,170601,13077170601,0.5218978102189781
104295.0,8459.0,816.0,13,077,170602,13077170602,0.09646530322733184
88521.0,5836.0,732.0,13,077,170603,13077170603,0.12542837559972583
69344.0,5082.0,900.0,13,077,170801,13077170801,0.1770956316410862
71908.0,5010.0,361.0,13,077,170802,13077170802,0.0720558882235529
79688.0,13139.0,1910.0,13,151,070402,13151070402,0.14536874952431691
25170.0,1493.0,1381.0,13,121,005700,13121005700,0.9249832551908909
38708.0,3722.0,3314.0,13,121,006000,13121006000,0.8903815153143472
25375.0,1248.0,1230.0,13,121,006602,13121006602,0.9855769230769231
46250.0,7943.0,3612.0,13,077,170700,13077170700,0.4547400226614629
107072.0,4863.0,298.0,13,067,030329,13067030329,0.0612790458564672
169188.0,4564.0,167.0,13,067,030337,13067030337,0.03659070990359334
78655.0,8349.0,2232.0,13,067,030901,13067030901,0.2673374056773266
86115.0,3745.0,1387.0,13,067,031111,13067031111,0.3703604806408545
72940.0,7145.0,3933.0,13,067,031505,13067031505,0.5504548635409378
75463.0,9696.0,1387.0,13,067,030215,13067030215,0.1430486798679868
94408.0,8998.0,1639.0,13,067,030313,13067030313,0.1821515892420538
150164.0,7680.0,56.0,13,067,030318,13067030318,0.007291666666666667
43158.0,7332.0,3293.0,13,067,030904,13067030904,0.449127114020731
36536.0,9392.0,3089.0,13,067,031002,13067031002,0.328896933560477
44250.0,9633.0,7149.0,13,067,031311,13067031311,0.7421364061040174
45363.0,8309.0,5483.0,13,067,031406,13067031406,0.6598868696594055
98938.0,4603.0,157.0,13,067,030319,13067030319,0.034108190310666954
103639.0,3510.0,334.0,13,067,030322,13067030322,0.09515669515669516
140345.0,5997.0,354.0,13,067,030333,13067030333,0.05902951475737869
78671.0,6273.0,3078.0,13,067,031404,13067031404,0.49067431850789095
89819.0,7908.0,598.0,13,067,030101,13067030101,0.07561962569549822
90469.0,7654.0,737.0,13,067,030214,13067030214,0.09628952181865691
123966.0,3389.0,290.0,13,067,030334,13067030334,0.08557096488639716
101250.0,3840.0,536.0,13,067,030324,13067030324,0.13958333333333334
115375.0,5768.0,467.0,13,067,030331,13067030331,0.08096393897364772
69564.0,6368.0,653.0,13,217,100201,13217100201,0.10254396984924623
97578.0,5358.0,261.0,13,217,100202,13217100202,0.048712206047032476
60797.0,16734.0,13062.0,13,217,100501,13217100501,0.7805665112943707
55722.0,8707.0,5494.0,13,217,100502,13217100502,0.6309865625358907
58675.0,10738.0,4347.0,13,217,100901,13217100901,0.4048239895697523
52837.0,5583.0,2477.0,13,217,100902,13217100902,0.4436682787032062
46080.0,6453.0,3888.0,13,217,100903,13217100903,0.602510460251046
101836.0,15465.0,946.0,13,223,120101,13223120101,0.061170384739734886
76960.0,14821.0,2294.0,13,223,120102,13223120102,0.15478037919168747
87904.0,11456.0,955.0,13,223,120103,13223120103,0.08336243016759777
81048.0,3114.0,40.0,13,223,120104,13223120104,0.012845215157353885
78553.0,5098.0,286.0,13,223,120203,13223120203,0.05610043154178109
74471.0,8609.0,1393.0,13,223,120204,13223120204,0.1618074108491114
48170.0,6517.0,1654.0,13,223,120301,13223120301,0.25379775970538593
44804.0,12972.0,3201.0,13,223,120302,13223120302,0.2467622571692877
59952.0,1772.0,43.0,13,223,120303,13223120303,0.024266365688487584
65884.0,7469.0,2623.0,13,223,120501,13223120501,0.35118489757665017
64742.0,8616.0,991.0,13,223,120502,13223120502,0.11501857010213556
67969.0,5142.0,803.0,13,223,120503,13223120503,0.1561649163749514
64943.0,5064.0,2114.0,13,223,120601,13223120601,0.4174565560821485
89539.0,10417.0,3545.0,13,223,120602,13223120602,0.34030911010847653
67665.0,14564.0,8845.0,13,151,070104,13151070104,0.6073194177423785
102759.0,11535.0,2094.0,13,151,070202,13151070202,0.18153446033810142
136324.0,5413.0,1146.0,13,089,022700,13089022700,0.21171254387585442
56263.0,7514.0,5806.0,13,089,023204,13089023204,0.772690976843226
45924.0,6465.0,5852.0,13,089,023506,13089023506,0.9051817478731632
52180.0,6008.0,5657.0,13,089,023412,13089023412,0.941577896138482
59340.0,7054.0,6651.0,13,089,023416,13089023416,0.9428692940175787
65694.0,3161.0,1249.0,13,089,020500,13089020500,0.3951281240113888
71618.0,5927.0,2467.0,13,089,020900,13089020900,0.4162308081660199
95417.0,2634.0,825.0,13,089,020700,13089020700,0.3132118451025057
28242.0,3002.0,106.0,13,089,021204,13089021204,0.03530979347101932
154063.0,3526.0,67.0,13,089,021213,13089021213,0.019001701644923426
76066.0,7536.0,2814.0,13,089,021805,13089021805,0.3734076433121019
53341.0,5754.0,3476.0,13,089,022004,13089022004,0.6041014946124436
41216.0,7666.0,6765.0,13,089,023208,13089023208,0.8824680406991913
60033.0,3608.0,3377.0,13,089,023212,13089023212,0.9359756097560976
35611.0,3238.0,2892.0,13,089,023504,13089023504,0.8931439159975293
43100.0,2299.0,2022.0,13,089,023602,13089023602,0.8795128316659417
170096.0,1997.0,40.0,13,089,020100,13089020100,0.020030045067601403
46667.0,3817.0,971.0,13,089,021301,13089021301,0.2543882630337962
74544.0,7675.0,7095.0,13,089,023306,13089023306,0.9244299674267101
43190.0,8127.0,6794.0,13,089,023206,13089023206,0.8359788359788359
42606.0,3965.0,3786.0,13,089,023411,13089023411,0.9548549810844893
70811.0,4104.0,3806.0,13,089,023413,13089023413,0.9273879142300195
44676.0,4533.0,3070.0,13,089,023802,13089023802,0.6772556805647474
74922.0,4237.0,444.0,13,089,021208,13089021208,0.10479112579655417
143875.0,4862.0,78.0,13,135,050321,13135050321,0.016042780748663103
151364.0,4884.0,93.0,13,135,050322,13135050322,0.019041769041769043
45816.0,8224.0,2717.0,13,135,050431,13135050431,0.33037451361867703
61027.0,6729.0,1167.0,13,135,050432,13135050432,0.1734284440481498
46675.0,2200.0,537.0,13,135,050433,13135050433,0.24409090909090908
47747.0,8356.0,1208.0,13,135,050434,13135050434,0.14456677836285303
55438.0,3457.0,471.0,13,135,050435,13135050435,0.13624529939253688
47200.0,8635.0,2819.0,13,135,050436,13135050436,0.32646207295888824
89475.0,8523.0,1574.0,13,135,050525,13135050525,0.18467675701044234
41696.0,4486.0,960.0,13,135,050526,13135050526,0.2139991083370486
88662.0,6288.0,1071.0,13,135,050527,13135050527,0.17032442748091603
60363.0,8125.0,3535.0,13,135,050523,13135050523,0.4350769230769231
53594.0,6952.0,1198.0,13,135,050524,13135050524,0.17232451093210588
103423.0,4904.0,930.0,13,135,050528,13135050528,0.1896411092985318
67361.0,4357.0,955.0,13,135,050529,13135050529,0.2191875143447326
95072.0,6329.0,1161.0,13,135,050530,13135050530,0.18344130194343497
62075.0,9156.0,2651.0,13,135,050531,13135050531,0.28953691568370465
67769.0,8214.0,3118.0,13,135,050532,13135050532,0.37959581202824444
57518.0,9018.0,804.0,13,135,050533,13135050533,0.08915502328675981
69268.0,9026.0,2581.0,13,135,050534,13135050534,0.2859516951030357
53491.0,7119.0,1824.0,13,223,120202,13223120202,0.2562157606405394
56865.0,17862.0,2953.0,13,223,120400,13223120400,0.1653230321352592
34704.0,4955.0,1272.0,13,135,050522,13135050522,0.2567103935418769
70899.0,6948.0,1580.0,13,135,050720,13135050720,0.2274035693724813
43917.0,5302.0,1638.0,13,135,050304,13135050304,0.3089400226329687
47011.0,3170.0,260.0,13,135,050306,13135050306,0.08201892744479496
80320.0,6661.0,1133.0,13,135,050426,13135050426,0.17009458039333433
98886.0,7822.0,1514.0,13,135,050712,13135050712,0.19355663513167987
53415.0,6176.0,945.0,13,135,050410,13135050410,0.15301165803108807
94792.0,6304.0,1344.0,13,135,050428,13135050428,0.2131979695431472
81944.0,5424.0,1111.0,13,223,120604,13223120604,0.20483038348082597
72316.0,11339.0,3766.0,13,151,070205,13151070205,0.3321280536202487
96082.0,7661.0,4216.0,13,151,070309,13151070309,0.5503198015924814
77692.0,14560.0,6667.0,13,151,070502,13151070502,0.45789835164835163
67690.0,7395.0,3081.0,13,223,120603,13223120603,0.41663286004056793
