placekey,customer_race_entropy,customer_bar_mhi_mean,customer_weighted_var
zzy-223@8g7-37t-nbk,1.2676244205273797,57420.333333333336,41158510.88888889
22c-222@8g6-yvg-3kf,1.3524941085329143,75855.96842105263,1159568124.241108
222-222@8gb-7gv-3qz,1.0048328536319067,83425.75,554219825.6875
222-222@8g7-484-hqz,1.3707569644498614,84299.0,1235665162.8
224-222@8gb-px9-8n5,0.7756131270858033,102196.96470588235,535086819.13993084
226-223@8g7-479-xwk,1.2207045237435137,58702.82258064516,719209609.774974
22n-222@8g7-46n-vzz,1.152428878571341,60140.16788321168,517377920.57765466
225-222@8g7-474-5cq,0.5831323287175088,125375.0,0.0
22b-222@8g6-xmy-7yv,1.0574084111464763,74065.46666666666,579605159.3155556
222-222@8g6-ym8-dgk,1.3109744169828046,62561.61967213115,671181208.8914163
223-223@8g6-ytk-n89,1.3874417354441597,89825.84955752212,843024387.9508185
223-222@8g6-ykz-q4v,1.5086577374308618,62195.132352941175,337656584.2618945
zzw-225@8g7-46n-cnq,1.2837423809889388,64935.066666666666,862404331.1288888
zzw-222@8g7-47b-g8v,1.3221805088691898,70384.2602739726,1144630697.3295176
zzw-223@8g6-y3h-z2k,1.2313273128861217,128809.67567567568,178552617.89481372
222-222@8g6-ykz-9mk,1.2715313187244282,101390.0,2957560274.6666665
222-223@8g6-yjj-8jv,1.409961311939989,78136.25925925926,1163062142.8494513
222-225@8g7-484-hqz,0.7658505523011496,80220.5,59036172.25
225-222@8g6-y4q-8d9,0.9137292968991149,129803.70731707317,1663036410.5972633
223-222@8g7-478-p7q,1.192624933758045,54666.42065491184,452774045.61901927
287-222@8g7-46n-8vz,1.2579435742224438,62501.833333333336,790330728.3937907
zzw-224@8g6-ym3-x89,1.362119227188081,80794.16483516483,1870235374.9288728
zzw-222@8g7-2f8-xt9,0.8094332432119373,97047.07352941176,584115863.5092993
zzw-222@8g6-ykz-9zz,1.2177300233412367,87653.97023809524,1729738804.5764952
223-223@8g7-4hr-m6k,1.1882869129194422,59700.53333333333,340410583.4488889
zzw-222@8g7-47m-789,1.208396314156486,65460.53333333333,780339547.1822222
222-222@8gb-76v-xh5,0.8390657603312489,69356.33333333333,339089451.65432096
222-222@8g7-3yp-c5z,0.8475289767771431,49058.11504424779,198211226.93366748
228-222@8g6-yk5-2tv,1.6837098007551647,52301.0,81862760.0
223-222@8g7-46z-2zf,1.399845554312204,66636.42,588999364.3236
zzw-224@8g6-ykp-yy9,1.1980058625275807,74729.11111111111,887585371.4320989
227-223@8g7-474-p9z,1.2527200461648258,81227.55555555556,20366104.691358022
222-223@8g7-47b-mkz,1.1761053932026113,59228.305220883536,864201753.8345509
223-223@8g6-yky-575,1.4046206855721208,77353.21854304636,1158704176.0913117
22g-222@8g7-474-dqf,1.2716049161443042,77006.82352941176,1211562973.2041523
226-222@8g6-ym2-cqz,1.3043965852750679,92065.0,390536644.0
zzw-222@8g6-y4w-jqf,1.0481627133334206,103562.39130434782,883323732.1512287
zzw-223@8g6-ycb-gtv,1.359063266697754,105188.5,386441499.25
zzw-222@8g7-4rh-bhq,0.8104551393096434,50897.2298136646,235550813.5931484
226-222@8g6-x6x-g49,1.2101870636991188,61022.42857142857,149560675.3877551
223-222@8g6-yqg-mff,1.0083921247755483,94951.84848484848,1458815995.1790633
223-222@8g6-yth-r6k,1.546355287408861,65759.23214285714,480773348.53539544
242-224@8g7-46m-vs5,1.1354123780227277,56714.0,481412254.3333333
225-222@8g7-33w-xdv,1.1292686130298064,85757.56896551725,1256287832.9348989
zzw-222@8g7-4c6-b6k,1.193444414153841,92656.28767123287,1607936594.6432724
223-222@8g6-ykz-b49,1.2401729922110434,85690.86098654708,1723234843.859599
223-222@8g6-x3z-n5z,1.0852355481165916,60208.39473684211,334815496.3704986
27k-222@8g7-46p-rhq,1.0864532588700153,76644.0,1233063225.0
22g-224@8g7-46n-cnq,1.2327579266437751,62061.544117647056,457527054.5715831
222-223@8g7-475-x5z,1.3434404294738087,68451.48837209302,220368309.2731206
222-222@8g6-yqm-6rk,1.3195894177244878,72545.38461538461,659896230.2366862
zzw-223@8g6-x94-6c5,1.220510530650709,73883.5172413793,636908001.8359097
zzw-222@8g6-x8p-wkz,0.9918091062748755,54889.64,242144996.55040002
224-222@8g6-x94-ysq,1.0147729230282518,56793.38461538462,533563923.00591713
22d-222@8g6-xgt-gp9,1.2897978193878699,77370.17105263157,321251043.8084603
228-222@8g7-48z-pvz,1.0569562648192055,34228.0,24059025.0
zzw-22j@8g6-yjy-2hq,1.240225712067959,99879.11731843576,1847392953.5411713
223-222@8gb-q5w-8n5,0.9556375459078406,52256.0,115433536.0
zzw-222@8g6-x8q-8jv,1.0502399854920665,57776.205128205125,300298486.573307
228-22t@8g7-26f-vzz,1.2507323749042307,86836.1902156421,703427967.5624663
zzw-227@8g6-ykk-v75,1.4022351637263837,68773.18181818182,1349711641.6033056
229-222@8g7-4c9-7dv,1.3849197780908853,78073.88235294117,1613137008.8096888
228-223@8g7-485-cyv,1.2073760050169897,80289.04347826086,1161100519.7807183
222-223@8g7-3z5-kj9,0.11209251582414657,27635.428571428572,112410226.53061225
zzw-224@8g6-y3p-b6k,1.196210173995549,128115.90706319702,1038272504.3073479
zzy-222@8g7-4ps-kj9,1.1963657520816835,73335.57142857143,1512894143.4829934
223-224@8g6-yjn-wc5,1.1929935643241283,77512.0,14326225.0
227-222@8gb-6qw-66k,0.9372339458999346,86888.29004329005,497575233.10635096
222-222@8g7-4qp-fzz,1.0736755682054886,60966.818181818184,908286485.4214877
226-222@8g6-y56-7t9,1.1246248403255528,101241.0,34000561.0
225-222@8g6-ycf-dn5,1.235578032167132,102180.7741935484,1165620563.766216
zzw-224@8g7-47b-hnq,1.280593567625446,52202.56923076923,367006684.06059164
zzw-222@8gm-drr-wzf,0.9189876453063601,71386.84671532847,573514025.764825
zzw-223@8g7-479-qzz,1.2802653070636414,82306.24293785311,977362134.6471958
223-222@8g6-y4x-2kz,0.7443262029307682,137724.5,1194013470.25
zzw-226@8g6-y8r-z75,0.7779718164146635,129137.53658536586,1276503117.0128891
zzw-225@8g7-4cx-9vf,1.1719792172528058,64875.92372881356,561112228.8670641
222-226@8g6-yjy-8sq,1.237211367802595,91741.46396396396,1270482606.951404
224-223@8g6-x45-6kz,1.0988627056414806,53856.5,160212306.25
223-224@8g6-y4w-mx5,1.080814709265497,93644.05033557047,1388935766.0343792
zzw-224@8g7-485-68v,1.1239301921926654,87480.25,526654625.1875
zzw-222@8g6-yks-t7q,1.2232081579435652,84779.08450704225,867255900.1055346
zzw-222@8gm-dzp-4vz,1.003377497888841,85805.64179104478,550537316.9463134
zzw-222@8g6-yth-wrk,1.385250711077945,80376.20289855072,902576815.2631799
zzw-222@8g6-ysc-skf,1.4440645473052915,59516.555555555555,614996133.728395
zzw-222@8g7-42m-jy9,0.9168354077691256,50445.45161290323,314794124.5702393
224-222@8gb-7gv-5j9,0.9827984713031319,87132.51965065503,583691476.8609676
zzw-225@8g6-y4v-cwk,1.3468031922423958,69542.22857142857,817508110.4048978
225-222@8gm-d53-z2k,0.5504984936537409,59676.80487804878,567735911.0838786
226-222@8g7-43k-mhq,1.1958000764986618,80376.13333333333,865657073.3155556
zzy-223@8gb-px9-575,0.6170330704107676,100018.39858490566,944954286.0416017
22g-222@8g7-484-8jv,1.2349836106066787,72460.46706586826,1121058897.3507116
222-223@8g6-x77-gtv,1.3463695928875155,54918.434782608696,223443074.24574664
zzw-226@8g6-ymh-d35,1.1859407837315208,94824.69437652812,1362380566.9799438
222-223@8g6-y2m-y9z,1.223343064411021,86156.70175438597,1503999147.9987688
zzw-226@8g6-ym6-p7q,1.2278397128917475,105645.36363636363,1703070347.9090912
224-222@8g7-484-w6k,1.1764375040039456,81864.76923076923,1921442603.5621305
227-222@8g7-46r-47q,1.1983823836486136,76638.45771144278,1343685241.860152
222-222@8g7-46v-35z,0.9152584532502068,42371.421875,232218443.46264648
222-222@8g6-ytb-j5f,1.4196282279542727,93033.56521739131,1263371883.515312
22g-222@8g6-xmw-9mk,1.1678953611573646,62984.31343283582,424536938.6032524
zzw-222@8g6-ykz-9pv,1.102044516905357,91846.45588235294,1529597632.3215828
228-222@8g7-482-syv,0.0,0.0,0.0
zzw-222@8gb-3bg-ht9,0.6288221297856997,78793.84821428571,435435688.2001754
222-222@8g7-47p-jjv,1.0928330358132219,60611.61538461538,273487600.85207105
222-222@8gb-7gh-hdv,1.03997249823545,81869.26744186046,621130950.3121959
223-222@8g7-3yq-h89,0.803881450135443,46763.6935483871,353902166.6254422
222-222@8g6-ym4-pjv,1.3673350374193254,71269.41379310345,732082929.8977407
zzw-223@8g7-4p8-rp9,0.622292762328457,43991.52830188679,89208533.92844427
22b-223@8g7-474-ks5,1.1349966395539233,91811.43478260869,923621198.3327031
223-222@8g6-zbq-c89,0.8637481351787045,64891.54255319149,39700002.03542327
225-222@8gb-6yq-jvz,0.7320124461962643,90921.59090909091,688163949.2690083
222-223@8g7-477-whq,1.2856494101010418,81613.16683518706,1447471984.2259576
zzy-222@8g6-yjq-ysq,1.0427580449656844,127268.75531914894,1724949022.5890675
222-223@8g7-46m-h89,1.246286379393727,72833.96,1393785110.5184
223-222@8g7-47b-d35,1.3174944761053582,70503.56363636363,868211590.6095868
zzw-226@8g7-485-54v,1.2585031407658227,83710.01246105919,1074872799.1836452
22p-222@8g7-2m7-kvf,1.1262922297168747,88890.48780487805,614713936.2498512
226-222@8g6-ykz-6zf,1.1655850453505647,84403.78260869565,1913131983.9527411
229-222@8g7-4bf-w49,1.0211088410695723,55503.5,359766056.25
222-224@8g7-3zz-pd9,0.43935407244106595,67507.33333333333,254291020.66666666
224-222@8g6-xrc-xt9,1.3334276571760777,58123.0,532787534.6666667
zzw-224@8gm-g9h-vvf,0.6353695632851204,64596.0,149940025.0
24n-222@8g7-48t-4vz,1.1687340217952786,61832.83006535948,767932989.3175275
zzw-226@8g7-479-y7q,1.228949644528278,57975.40924464487,679574840.9351119
222-222@8g7-46w-8y9,1.1880649657250835,66379.6568627451,988751270.9018646
224-222@8g7-3z3-h5z,0.6289533921274713,39814.90909090909,283664590.08264464
226-222@8g6-yk3-bkz,1.115826943767255,53908.77777777778,65409426.17283951
224-222@8g6-ypr-rc5,0.8832410713508507,123837.64396887159,1436999036.338222
zzw-222@8g7-46z-snq,1.280159249346198,83863.80168776371,1511033857.897381
zzw-225@8g6-y4r-djv,0.7528442528396948,126544.70833333333,1825403791.956597
224-222@8g7-3z4-4n5,1.238525098452999,56851.51063829787,482427566.4626528
225-222@8g7-4dr-nkf,0.7166945237282325,40789.22772277228,443595897.74022156
223-229@8g7-46q-cwk,1.2232339598526403,84829.5785440613,1002836999.722758
226-222@8g6-x7b-vs5,1.2494918264167834,51314.95867768595,488224537.130524
229-222@8g6-yjd-6hq,1.1340625749486335,109877.9254658385,1344989668.5286062
zzw-225@8g6-ytk-jqf,1.4880032757355672,83243.37788018433,753617774.4378517
zzw-223@8g6-y55-tjv,1.2929643239183,84008.00714285714,1128447904.8785207
zzw-227@8g6-ykz-bkz,1.3862125799354452,76638.1313131313,1368990907.8009384
223-222@8g6-x6r-cnq,1.2184964227326969,51676.076335877864,249264636.7117301
zzw-222@8g6-x4t-fpv,0.9765420631626817,57329.0,378213296.2222222
zzw-222@8g7-3dz-fvf,1.0715793754230407,60900.74683544304,274976061.6067938
222-226@8gb-7gx-k2k,1.4060598296228026,43309.0,0.0
229-22b@8g6-ykz-9xq,1.165530595260169,105470.80869565217,2531050119.2155766
222-222@8g7-4p9-fzz,0.663857029952914,53874.4,1670394046.1768422
223-222@8g6-xd3-kcq,1.0863369948659285,59557.530120481926,112408467.52620117
222-222@8g6-ykz-6p9,1.3040565029081237,81128.66115702479,1381393125.108326
zzw-222@8g7-488-q2k,1.1452941423768102,58471.72857142857,1067316556.7691835
223-222@8g6-ykz-6x5,1.3541706626442416,76248.85840707965,1159692895.5197747
226-222@8g6-yjg-zzz,1.2159684974875633,50172.0,0.0
223-222@8g6-x8t-nkf,1.2242187314654795,67129.91836734694,825713090.1157851
zzw-227@8g7-4br-8sq,1.2784567794668547,77277.03278688525,909474120.2612201
zzy-222@8g6-xs4-rhq,1.290055647089643,65346.38461538462,363198868.4418146
225-222@8g7-4ps-s89,1.1917813752008357,59148.75257731959,574746328.8872356
222-223@8g7-4rt-6tv,1.1121514256531027,65700.42857142857,1109235866.122449
223-222@8g6-xg8-jn5,1.2507757317062642,79125.7094017094,392919383.11213386
223-225@8g7-474-kzz,1.2858526188094053,80708.01302931596,1026002420.6643251
222-223@8g7-46z-9cq,1.3385563458817542,73413.02427921092,1400860469.304418
zzy-222@8g7-46q-jd9,1.3280950453867155,72948.90909090909,642649467.9008263
zzw-222@8g6-ynx-zs5,0.8266023505086014,118512.62162162163,1228714198.5132005
225-222@8g7-46n-vzz,0.7412247148819744,55626.5,636628592.25
222-222@8g7-3d9-xqz,1.231182420565951,72293.4875,399652842.0498438
224-222@8g7-3yp-tvz,1.01638634566915,34333.57142857143,541109055.3877552
246-223@8g7-46z-6ff,1.1232202687096726,73652.66666666667,2673072836.888889
223-222@8gm-g2d-8jv,0.9209341200071076,74378.63087248322,154914670.08522135
22f-223@8g6-ykz-7qz,1.1235933122005433,86053.0,0.0
226-222@8gb-6yp-py9,0.6982345229689402,95733.7290640394,966197551.305904
22m-222@8g7-46n-b6k,1.2805870949009945,67620.55474452555,1165210678.4659812
zzw-223@8g7-4qb-9zz,1.1023035018971303,49026.768924302785,213844563.81911403
228-223@8g7-48t-pd9,0.8816615356358622,49333.333333333336,175119326.55555555
zzw-222@8g6-zq7-yy9,1.0315068179622562,59657.5390070922,146118918.2059253
223-222@8g6-yps-mhq,1.212912826894904,79459.13953488372,631408195.9805299
zzw-222@8g7-46q-9xq,1.3476745599800883,71528.1,1464949527.2900002
222-222@8g6-ytr-5cq,1.5064997514470055,71765.48936170213,646742278.5052059
224-222@8g7-4rh-7qz,0.6314514308123306,52059.880952380954,211012693.73979595
223-223@8g6-yjw-snq,1.0998293227238998,74072.6,446939003.44000006
22q-222@8gb-6yq-jvz,0.6479853946980461,94259.54205607477,648715485.76225
zzw-226@8g7-47b-mhq,1.3459530972083733,76872.60636515912,1371481909.458117
22d-222@8g7-47g-f75,1.3345957960668828,67073.84269662922,718308800.0426713
zzw-222@8g6-y3b-hnq,1.212591202310074,136813.85,4885151677.377501
224-222@8g6-xhp-pvz,1.220788043000538,94899.69230769231,214382879.28994083
225-222@8g7-479-x89,1.2693584658837178,64950.15,556470635.6275
222-222@8g6-y44-435,1.098131516359042,122196.46531302876,2089860174.2504883
225-222@8g6-yjh-tgk,1.2180446991073406,54887.75,230891759.1875
222-22c@8g7-46q-n5z,1.0843313143914528,109740.42857142857,1427109134.8163269
222-222@8gm-dsz-nbk,0.9615117748147787,78215.9387755102,900218453.6493129
223-223@8g6-x93-fxq,1.3280525184864265,83906.33333333333,1729435872.1196578
222-222@8g7-4r7-s3q,1.2197420981836777,52462.333333333336,246711478.55555555
22b-225@8g7-484-7yv,0.5048057132742979,80504.0,13417569.0
zzw-222@8g7-37v-qs5,1.1847291884436175,58771.0,259625112.0
zzw-222@8g7-4fd-zpv,0.6015342866841986,48129.13333333333,16788.248888888887
zzw-229@8g6-yjx-gc5,1.0373669695189844,112553.15837104073,2606127312.640077
222-227@8g6-yqk-y5f,1.2943906425231315,67891.53211009175,860124951.9003451
22p-222@8gb-6zv-j9z,0.8713555365793512,76753.63636363637,103613094.59504132
222-223@8g7-48t-py9,1.253743272924416,64988.688524590165,405203457.75544214
222-224@8g6-ymt-bhq,1.2929910891070264,67198.75,1152202985.4375
222-225@8g6-ycn-8vz,1.1855362600745398,123857.46902654867,1748883827.5941737
227-222@8g6-xrc-xt9,1.211722228834188,61632.475409836065,194433489.10185432
224-223@8g7-46n-89z,1.1857411506877804,58640.560975609755,667465575.3961078
243-222@8g7-474-mff,1.2779000928469102,88714.18844221106,1683926475.4695146
zzy-222@8g6-yjj-x3q,1.521018285921183,84531.71232876713,1924162383.9309437
zzw-224@8g6-ypc-b8v,0.8382156572018417,118576.04772727273,915813737.2499949
222-224@8g7-479-zs5,1.3710638581665608,81347.84549356223,1210231731.6499474
zzw-222@8g7-453-kj9,1.117359214224065,68110.64179104478,245115293.00601473
224-223@8g6-ytk-sbk,1.5249595654665342,81005.375,1460208828.984375
zzw-222@8g6-yqj-m8v,1.2436220763592563,71837.01027749229,683201989.7388461
226-223@8g6-ym2-cqz,1.1401701457550237,46403.333333333336,27683886.222222224
229-222@8g6-x3z-fvf,1.0736914643148254,74189.0,0.0
226-222@8g7-48t-7nq,1.246581114792378,61664.454545454544,971061542.8539944
228-222@8g6-xhd-94v,0.8170115376918138,77520.25,114169944.6875
224-224@8g7-479-xnq,1.4364456996241841,71845.8947368421,628611427.4626039
225-222@8g7-474-9xq,1.300986437863313,77437.48818897638,1202530955.4624593
224-222@8g7-4rh-54v,0.3702589395238152,61367.0,225723228.66666666
224-222@8g6-y55-789,1.2509218234750554,101927.97101449275,1967488095.231044
235-222@8g7-474-nbk,1.3473616244104485,66234.95,652234725.0117857
zzw-222@8gb-7gc-4d9,1.093812936164502,87492.81494661921,1319680582.3145096
zzw-224@8g7-4ps-rrk,1.0776992769343372,51678.17647058824,25439478.14532872
226-223@8g7-46y-rhq,1.2970154354061463,65201.71428571428,600871036.1632653
zzw-227@8g7-4cs-xdv,1.1697933516444223,60092.61111111111,720476750.6265432
zzw-223@8g6-x98-3wk,0.6177861037189687,51621.206896551725,51925406.43995244
zzw-22b@8g6-yfv-tqf,0.8776868266784492,118287.57886435332,1075613963.8447268
zzw-222@8g7-479-wx5,1.3675751426108609,72078.75873015873,987206220.9830586
zzw-224@8g7-46r-c3q,1.0235230228496948,47310.898148148146,230648927.33221886
228-222@8g6-ytw-xdv,1.4691604592055398,65856.88356164383,740475468.8837023
242-224@8g7-477-4jv,1.252944288579588,70519.27210884354,928984963.2048683
224-222@8g6-ycy-ht9,1.4432052569320648,92805.00261780104,582075827.3272183
222-223@8g7-48z-qmk,1.1276977762705123,83953.0,1248357374.3636363
222-222@8g6-ym5-59f,1.2360140540797315,60535.046875,613158282.3384278
zzy-222@8g7-37q-4vz,1.41208318310551,57447.75,136817010.1875
zzw-222@8g7-3xy-gp9,0.9390131035679106,45232.6,14429993.84
22f-222@8g7-46q-9xq,1.1393170592345156,60004.2,586969982.9599999
224-222@8g7-479-x89,1.3146204272898623,60997.15267175573,600731492.9385234
zzw-227@8g7-475-x5z,1.2038140846598042,65910.08333333333,731269869.5763888
22j-222@8g6-yjd-tgk,1.2077909615508744,98824.3671875,1258779593.9354858
222-222@8g6-ym4-yvz,1.301386687646342,71185.00831024931,973759598.6619807
225-222@8gb-pwy-gp9,0.6438158560910752,96021.80681818182,555114074.0270748
22f-222@8g7-4b5-z9f,1.2733289645657888,89813.98947368421,1411302383.5753276
zzw-223@8g6-y3b-5cq,1.0466852269793439,128834.12328767123,2216396871.3866267
zzw-222@8g7-46m-x89,1.1536008508594102,57397.75428571428,620788366.7224816
222-224@8g6-yky-fzz,1.4446914868641612,64110.769230769234,305538816.0236686
222-222@8g7-4c9-73q,1.1895490766152719,87432.33333333333,1071497082.1938533
22j-227@8g7-46q-bc5,1.2688955976176401,64693.71428571428,274860480.7755102
22d-222@8g7-46m-jvz,1.2516996321359926,75798.22222222222,1407275275.8617287
223-223@8g7-4qr-8gk,1.2287073190687439,28422.0,0.0
zzw-222@8g7-438-pn5,1.1711379045912047,59436.09375,149053984.70996094
222-222@8g7-448-qs5,1.1568113061903602,61092.190217391304,353784972.947513
222-222@8g7-4bj-gc5,1.3095817555451634,59271.66292134832,338976821.4144679
zzw-222@8g7-26w-4gk,1.1605377017651501,97345.64516129032,461046867.64828306
222-223@8g6-yf2-gkz,0.9037886795801285,103170.0,0.0
zzw-225@8g7-479-xwk,1.3762991376934348,68656.56621004567,725899974.6839725
222-222@8g6-x74-249,0.9713544934234021,44421.52,210779494.00959998
222-222@8g6-ykr-5j9,1.3859954891947488,68223.9574468085,300282106.7215935
226-222@8g6-ykz-b49,1.0734438953191419,91354.16666666667,965865702.8055556
224-224@8g6-y3b-5vf,0.89465364154306,129625.91358024691,2646833084.0542593
222-222@8g7-479-sdv,1.2870687008704313,77353.83988764045,1058118254.7075102
zzw-222@8g7-2p4-b49,1.3697349380808217,84648.14864864865,136393727.93736303
225-222@8g7-2pg-835,1.3530284138793556,82446.4,498311403.0124138
224-222@8g7-46z-68v,1.2697431270634731,86471.71293375394,976098385.7062366
223-222@8g6-ybb-cqz,1.2711575265766506,107941.61904761905,1478705050.1882086
zzw-222@8g7-46p-rhq,1.1453854113254127,62336.57894736842,253858174.40166208
222-222@8g6-ym4-yn5,1.1894715483812115,58629.0,614574718.0
zzw-222@8g6-y4x-btv,0.9391009815435888,111412.32882882883,1681249531.481962
zzw-229@8g7-46z-6p9,1.0889206036543493,86530.66666666667,596480166.888889
223-226@8g6-ysb-v4v,1.3543380127498266,73296.75,470176521.9375
zzw-223@8g6-yfv-kj9,1.143005850071895,98265.4,667330802.9066665
zzw-222@8g6-ykt-33q,1.440022091446793,68974.25,389354122.6875
224-223@8g6-xrc-xt9,1.3025551748698891,58239.88,258738711.38559997
22c-222@8g6-yjw-bff,1.0446965051803911,123591.1724137931,3653718000.004756
224-222@8g6-yps-mff,1.2835823766382732,71556.30281690141,460772929.73224556
zzw-225@8g6-ymh-fxq,1.1666200848022719,101269.04273504273,2289853281.340054
222-223@8g7-4qc-4qf,0.9315376883809026,38876.0,32434200.666666668
223-222@8g7-2jx-nbk,1.096421994943633,63321.5,62149572.25
223-222@8g7-472-cdv,1.3634373197179293,42698.4,164158641.92
zzy-222@8gm-frv-qpv,0.8976403723521807,60252.0,60499354.54545455
zzw-224@8g7-474-b49,1.352047275812482,68511.6380952381,973294436.6880724
223-223@8g6-yk4-rzf,1.446427993043616,67025.96511627907,806632284.0569226
224-223@8g7-47b-g6k,1.3350960751005485,81018.28571428571,1059814896.0
223-222@8g7-479-q9f,1.1887426303277357,64361.3,1756111425.0731578
225-222@8g7-47k-fj9,1.1221535149906146,104337.07954545454,1246310425.3686726
zzw-222@8g6-x6r-fmk,0.9549590921123952,55370.36923076923,675824426.8175149
223-222@8g6-yk6-psq,1.4143269505791967,67702.10357142857,1004774675.7428442
zzw-224@8g7-479-xbk,1.351799286583956,74727.04842105263,1485579803.6966028
224-222@8g7-475-x5z,1.28223699747628,74035.99191374663,1069759313.382684
222-222@8g7-485-9zz,1.1338125393845302,97210.07692307692,2027083533.2248523
227-222@8g7-48y-ty9,0.5195336183857143,46363.311111111114,209968797.41432098
zzw-227@8g7-3d2-87q,1.2832309141570282,66955.90322580645,220972945.24869925
zzw-222@8gm-gjs-s89,0.8482186846196232,71059.26315789473,91739234.29916897
223-222@8gb-6yw-4gk,0.6333527832554298,89763.71205007825,481998753.50080943
223-222@8gm-frz-435,0.9566619077600372,66669.08510638298,299167168.62041646
zzy-223@8g7-46r-7t9,1.3376921359367606,82898.89622641509,1432400985.4326272
zzw-225@8g6-ytb-gp9,1.5811809594459332,95484.64705882352,1296762502.9342558
223-222@8g7-4ds-kpv,1.1456328804939426,54118.71052631579,314839075.10041547
zzy-222@8g6-yky-nwk,1.2617296161757228,96488.07643312102,1373592037.650209
224-223@8g7-479-x89,1.3543706522208887,68879.01941747573,689292294.1355453
223-222@8g6-ytm-brk,0.0,0.0,0.0
22h-222@8g6-x93-fzz,1.1731872597111268,99541.6,1246511618.014359
zzw-222@8g6-yjr-f4v,1.1034837444215064,121932.8,1541857099.3600001
223-223@8gb-78s-whq,0.8202472118062164,65110.475409836065,501576463.1346411
222-225@8g6-ytn-b6k,1.4587039642335609,64968.60975609756,415032303.4086853
222-222@8g6-x8s-rtv,1.260550224019437,76148.48360655738,808900390.2989117
zzw-225@8gb-6zv-j5f,1.0474037510874565,78669.91452991453,416359198.79611367
zzw-224@8g6-ykz-b6k,1.2455798653087202,94433.90717299578,1924828552.0166993
zzw-227@8g6-ymn-m49,1.0392510810396758,109793.58518518519,1875312405.6995335
224-224@8g7-47b-k4v,1.3034388358022309,74014.86956521739,945361097.9395086
22c-222@8g6-ykz-b49,1.2745206552502744,76976.56589147287,1467424562.2921698
22b-222@8g6-ycf-dn5,1.4203381433727675,92271.58860759494,1228255905.2421484
224-222@8g7-46z-6ff,1.2825967198569925,74559.31967213115,640052616.8240391
222-222@8g6-x78-pqf,1.2446143175362085,65513.0,81468676.0
223-223@8g7-48f-649,1.153008238149484,61750.444444444445,452912830.69135803
zzw-224@8g6-y4w-pd9,0.9212150566055437,105312.57894736843,1038315178.770083
226-222@8g6-ymy-qxq,0.7083623176102234,110775.0,0.0
zzw-22b@8g7-46n-w49,0.9939073951627355,48470.28571428572,416043785.3469387
zzw-222@8gb-6zk-9s5,1.0706731622733958,88480.94,538550988.5497334
226-222@8gb-7ct-2zf,0.9780974214492008,55046.0,3308761.0
223-222@8g6-ysc-sdv,1.4201995964965644,63797.12048192771,1097242467.2143998
224-222@8g6-yvg-28v,1.5014806389578845,68114.37142857142,909514467.1477553
227-222@8g6-y4q-6c5,0.8473938728816746,121890.31545064377,1404961662.7137957
225-222@8g6-ymv-5s5,1.268248211418865,82647.0142857143,1051676810.9855102
227-222@8g6-x6q-4d9,1.1275990027888,51169.74418604651,270451600.9345592
zzw-224@8g6-ykw-w49,1.3687491189822072,80266.28708133972,862526337.707058
zzw-224@8g7-485-49z,1.2390575354268074,82618.41256830601,1169691099.7833393
zzw-226@8g6-yqm-5xq,1.2381901346211024,70831.90909090909,745988361.1900827
222-226@8g6-ybf-zj9,1.4179316272034836,100472.0,718945154.0
227-222@8g6-ysj-2x5,1.3445392597134156,69693.34146341463,490448464.37120765
223-223@8g7-474-mc5,1.3352281633968939,61992.21052631579,604120281.8504155
229-222@8g7-4fk-dd9,0.7093405360429279,52697.37142857143,223781951.2620408
222-222@8g7-4qp-ht9,1.0154833344812966,50216.71559633027,304970499.7631512
223-222@8g7-4c8-xt9,1.3270973476143488,74309.56818181818,744043749.1089877
223-222@8g7-46r-bzf,1.2113895598570001,47366.21212121212,265848743.01561067
zzw-222@8g7-477-vj9,1.1558984511258779,63817.99310344827,661295187.1516765
zzw-222@8g7-485-9s5,1.1885621180890502,91480.76712328767,1359279708.110152
zzw-228@8g7-4br-835,1.2706767302562956,81698.33333333333,1020576603.8684807
223-223@8g7-2mp-j35,1.405583500674948,79590.66666666667,604462680.2222223
222-222@8gm-dzn-8qf,0.8259088725683248,95247.79069767441,726904404.02596
zzw-222@8g6-yk8-d5f,1.6027996230686716,47123.5,208845852.25
229-222@8g7-46n-9mk,1.172495718868613,51763.087591240874,744757040.0361235
zzw-222@8g7-4rw-j9z,0.911897211255724,57416.18248175183,264873894.39735734
224-222@8g7-3yp-c5z,0.80793591027385,48829.2131147541,249900243.4463854
223-222@8g6-ym4-xdv,0.6662055312491395,102739.0,0.0
22r-222@8g6-ydw-9zz,0.7917322931064952,120845.5,721204188.8349056
224-223@8g7-46z-6ff,1.2811783364894624,67144.94520547945,1065336066.6956277
223-222@8g7-46w-wx5,0.13800502914815602,14375.0,0.0
22b-222@8g7-46r-bzf,0.9837444655891577,56497.6,296029418.24
zzw-227@8g7-46n-cnq,1.2051557738105876,61829.47826086957,582561516.3074985
228-222@8g6-x6q-4d9,0.8639813820276372,48957.60655737705,358424161.48454714
226-223@8g7-474-hyv,1.451840062946487,65074.42857142857,439567951.1020408
224-223@8g7-47b-k4v,1.3409849882259026,65704.75648702595,1066682151.565452
222-222@8g7-477-xqz,1.115130286063128,54588.76219512195,822997510.8763757
zzw-222@8g6-x8f-975,0.19565286314801797,13456.0,0.0
zzw-222@8g7-4q3-kzz,1.1527657834415395,46697.25,22722596.1875
22g-222@8g7-46k-dvz,0.9556054230762207,56167.5,715654843.25
223-222@8g7-46z-tqf,1.1825333711042865,62797.0,83010321.0
222-222@8g6-yjh-wtv,1.2841293689152697,70465.51648351649,606551748.7881898
zzw-222@8g6-ys3-575,1.4665464098879681,58929.00743494424,374163522.3122124
zzy-222@8g7-26m-hkf,1.343339063702683,67013.05263157895,451165620.99722993
223-222@8g7-474-mc5,1.3480354611303789,73821.04054054055,884860737.8497078
224-222@8gb-7gm-sbk,1.2152900352707765,83730.22448979592,1531474329.4394002
zzw-222@8g7-2zs-yjv,1.0893915747730842,65048.74251497006,291425028.93370146
223-222@8gb-76z-qj9,0.8358016564706717,70870.86592178771,331604830.96526325
223-222@8g7-474-hyv,1.3507461600291213,61735.42105263158,613251279.7525393
22n-222@8g7-485-5fz,1.3134438557649004,63604.82352941176,456384647.08650523
222-223@8g7-46n-tjv,1.294519149870507,62428.83435582822,718928489.181151
223-222@8g6-ykz-6zf,1.1906266163452777,82692.81045751635,1255047055.826819
zzw-228@8g6-ykq-2ff,1.2674168450601146,69987.18918918919,564022917.8290722
226-223@8g7-4cj-2x5,1.3299942793345536,85804.85714285714,166594904.69387755
246-222@8g7-46z-6ff,1.2649839999246504,65587.09090909091,1147729702.8099174
226-22k@8g6-ykz-7kf,0.839747338256499,114045.08333333333,1895190264.9930556
zzw-224@8g6-yvc-5mk,1.5053804644780726,59904.75,307951286.6875
zzw-222@8g6-ymg-jy9,1.2872564055916969,74928.04790419161,1036716849.051597
224-222@8g6-yqm-7dv,1.0409103078012714,96507.48979591837,1369795513.3791475
223-222@8g6-x8f-8jv,0.838831093508378,53137.55844155844,173914938.8180132
229-223@8g7-475-x5z,1.393207263885211,70973.81176470588,730218581.5175086
225-222@8g7-477-4gk,1.2880415427441754,82397.17408123791,1125238127.3700826
222-222@8g6-xr8-bp9,1.1788942546774213,60952.18443804035,286804461.735435
228-222@8g7-4gp-xh5,1.0014908680670254,52558.0,331185425.7826087
zzw-228@8g7-474-j35,1.2857101583271198,78489.57236842105,1316180450.0079207
223-222@8g7-473-6hq,1.2330859323889856,49669.2,150419821.4933333
zzw-224@8g6-x9j-xt9,0.17521163813046714,39408.0,0.0
223-225@8g6-x93-fxq,1.1990440089125114,70594.9268292683,810881840.0190362
222-222@8gm-frv-6p9,0.9866517713931953,62258.218934911245,83289757.1414166
222-222@8gb-6r6-jd9,0.8610369140410584,89983.59523809524,708942450.0345805
zzw-225@8g6-y45-gff,1.2935250195395536,112032.76470588235,855668639.9666957
222-222@8g7-48t-9zz,0.691347210008137,49465.34782608696,294584651.2703213
222-223@8g7-46n-8d9,1.1685573239686393,59604.53114754098,480342194.70148885
zzw-22c@8g6-ym3-x5z,1.176527601949344,102998.65909090909,1648475741.8459024
22g-224@8g7-474-hnq,1.2291726517951207,93876.84782608696,1679459712.5637996
224-224@8g6-ykq-fvf,1.3571406558931522,67218.75,15723891.1875
224-223@8g6-ymt-ysq,1.4526576453180247,61606.0,489797419.41463417
223-222@8g7-37w-73q,1.176686079104235,71615.95202020202,337405902.2224453
225-222@8gb-72n-8sq,0.9476825125400956,90200.2523719165,909035237.6308056
22c-222@8g6-yvb-j7q,1.327730841491606,89257.39673913043,957333338.6958588
223-222@8g6-x78-ysq,1.360859360758348,71422.75438596492,1165283571.658972
zzy-222@8g6-ykz-bhq,1.3400488252071323,75541.33333333333,537922488.2222222
zzw-224@8g7-4cx-9vf,0.9624776208650354,73622.0,0.0
222-222@8g6-yjh-td9,1.4769799697704304,55877.94475138121,341832427.7870028
zzw-222@8g6-x53-k4v,1.125160802919741,69261.7052631579,195634023.28155124
225-222@8g6-y43-yqf,1.0669854372446483,128219.20923913043,2258808556.707578
226-224@8g6-ykz-bhq,1.3446976159912492,75104.22222222222,870781708.8395061
zzw-222@8g6-x46-7h5,1.119366541565916,57874.965986394556,172982845.6791152
zzw-222@8g6-ytk-rx5,1.4163575549156535,65664.0,14656408.666666666
2bm-223@8g7-475-td9,1.1130772907879325,79489.0,0.0
zzw-223@8g7-42m-vxq,0.32995883508729124,45101.0,0.0
222-222@8g7-46r-ct9,1.2643256118158068,68934.0,111408025.0
zzw-235@8g6-ykx-cyv,1.3098212655084953,77606.5,740747411.5357143
222-222@8g6-yjx-49z,1.1695063360280535,102718.41964285714,1707173594.4221141
223-222@8gb-6yq-k75,0.7092991049778495,91300.85337243402,764728477.4975618
222-222@8g7-2k6-sbk,1.2275348192092388,82472.35483870968,275555394.85565627
224-227@8g7-479-zs5,1.3048445518252496,63297.5,862072946.8991228
224-223@8g7-477-6zf,1.2734550727586882,70834.95852534562,1266659503.9015057
223-222@8g7-46w-zs5,0.9190573324340399,54077.0,383307592.15384614
22f-224@8g6-ykx-jn5,1.2865032794664928,67201.86956521739,654405422.7221171
zzw-224@8g6-ytb-s5z,1.393534759378035,84092.23076923077,409182787.5621301
222-224@8g6-ybf-zj9,1.3152535648734442,100904.41558441559,686914471.2558609
229-223@8g6-ycs-gkz,1.2331185353905836,131403.39552238805,1200704883.7913234
224-225@8g7-46n-89z,1.2136352859045614,61037.25670498084,436974517.5777807
222-222@8g6-ykz-qfz,1.3497878420480787,89136.87878787878,941663220.1065197
zzw-222@8g7-4cb-psq,1.3467081371827196,63555.38461538462,348188014.64053255
zzw-224@8g7-4cs-xdv,1.0956169846462935,61731.183673469386,698059154.8438151
223-222@8gb-6y3-92k,1.0078453815098152,86444.8,124067994.16000001
222-222@8g6-ym4-mff,1.285925121078101,89381.63414634146,1998517757.7442002
zzw-222@8g6-yqd-g6k,1.1173324985577242,85378.3375,1046184815.5235937
zzw-222@8g6-yjh-v75,1.6642885411532,54922.53333333333,1173994777.8488889
zzw-223@8g7-474-b6k,1.259053225534936,82960.07422680412,1286454157.3553154
223-222@8g7-26q-qcq,1.2692805251531847,88236.5,466589549.05
224-229@8g7-47b-k4v,1.3316633336761499,72698.77858439201,1371119295.4573271
222-225@8g6-yvg-y35,1.4643869849737006,55655.357142857145,278600511.5581632
227-222@8g6-ykz-6zf,1.2029243744604576,77439.47107438017,902752905.5053618
zzw-222@8g7-48t-4sq,0.9927108590173275,53597.38416422287,582902157.6266114
223-222@8g6-ytk-vj9,1.4736005956648444,82472.88356164383,1049885478.4864422
223-222@8g6-ytw-dsq,1.5463031561176,50220.434782608696,217439521.0283554
222-222@8g7-46q-f2k,1.3775725700528612,76527.39393939394,1996480565.966024
zzw-223@8g7-4ps-td9,1.212880001471615,66467.53179190752,934547442.4917638
222-222@8g7-478-dsq,0.29075949310561655,40215.0,0.0
zzw-222@8g6-ysk-6p9,1.4282890962715307,106918.96078431372,1267275367.3710113
zzw-226@8g7-4c9-73q,1.147701089066101,93002.06462585034,1768819359.8223543
228-222@8g6-y43-ygk,1.2378672742401367,118338.82352941176,1933411104.8175976
22f-222@8g6-yjw-9j9,1.0533189096511997,101534.099009901,1056772436.7822758
zzw-227@8g6-ytb-nbk,1.2640418940268765,104697.0,0.0
224-223@8g7-453-kmk,1.1230255185790878,69897.25,484922325.6875
22j-223@8g6-zq2-j5f,1.0454687668089646,64669.666666666664,64035894.22222223
zzw-222@8g7-46n-w6k,1.2271537713970744,66741.52592592593,569140725.7308093
zzw-222@8gm-gb3-z9f,0.9718857318449159,50133.0,185704165.30612245
zzy-222@8g6-zqs-s5z,0.8467254400542523,68045.37566137566,277379028.26628584
zzw-222@8g6-xn3-w6k,1.2568443642301892,71480.34042553192,440917844.7351743
228-222@8g6-yjf-2tv,1.1669773901447693,96807.68421052632,1710101382.812558
222-222@8g7-4gv-vzz,1.127111423762848,64484.375,469233339.459375
22g-222@8g6-y4w-mff,0.8762479391363496,121425.98143851508,1463497408.0321379
225-223@8g6-ym8-mhq,0.9873613990101191,100501.39393939394,2389429028.966024
zzw-222@8g7-46r-7nq,1.300876002621732,73095.30496453901,1325548567.2899754
223-223@8g6-ykk-qfz,1.1668192492512868,76412.63636363637,2042302150.413223
224-222@8g7-47y-6hq,1.108738810561848,119090.5,2253638256.25
222-222@8g7-472-mzf,1.328335376235366,60112.43564356436,581852969.3547692
225-222@8gm-g9s-hnq,0.864516690324051,56862.07692307692,199493402.3402367
222-222@8g6-y4w-4sq,1.1290512518080935,103748.29336188437,1748231816.1216476
222-222@8g6-ym2-f2k,1.5834714962800538,69574.72727272728,926704812.7438016
zzy-222@8g7-49b-xyv,1.0074048704211844,58839.47252747253,395730645.4800145
227-222@8g7-3nn-f2k,0.8797742917719467,86005.25396825396,561829099.3958176
223-223@8g7-4cj-2zf,1.327286976145027,90092.44444444444,608213555.7580247
225-222@8g6-y2n-btv,1.1437087428238109,124263.58333333333,1351521677.0763888
zzw-223@8g7-484-7wk,1.2341359371076948,80306.75862068965,1198541109.5854142
224-222@8g7-453-kmk,1.0817748702464307,59871.333333333336,524554326.22222215
zzw-224@8g6-ysk-6c5,1.376738421080261,81066.75,1406037428.1875
22k-223@8g6-x93-fzz,1.3234037923551236,85142.60992907801,1491528075.9542277
222-222@8gb-7gh-g8v,1.052919940802975,65846.28571428571,88791077.34693877
zzw-225@8gb-6zs-6kz,0.9026003273801461,115223.0,0.0
zzy-22b@8g7-47b-k9f,1.3093380854114807,77192.94904458598,1601493647.092945
222-222@8g6-ym5-rc5,1.2943804828633596,71845.0,513460481.3333333
zzw-223@8g6-yc6-26k,1.3760133049668055,117711.54166666667,1156541655.6336808
22c-222@8g6-ykz-975,1.0586747192375956,110429.73529411765,1489133122.312284
223-223@8g6-ykw-vzz,1.3253510465559322,84390.18376068377,1241530905.6371722
22f-222@8gb-7gv-3t9,1.4016056045948473,58581.5,70719690.25
225-222@8g7-46m-wx5,1.2922596711466405,64811.22222222222,763057913.2839507
223-222@8g6-ykc-9s5,1.4024885348003997,75503.71428571429,472377631.489796
zzw-222@8g7-53f-nh5,0.9168404706208292,63384.1,348494207.69
222-222@8g6-x6q-2zf,0.2861387797159266,50406.5,91709352.25
222-223@8g6-yf9-rtv,0.3989924822212319,107172.74074074074,1174248806.4883401
zzw-227@8g7-482-xbk,1.2461812983161487,84622.59649122808,1336136077.3985841
zzw-222@8g7-4qy-789,0.8593578723460251,55432.88938053097,314939664.80634737
zzw-222@8g6-z6t-8qf,0.8234668287541671,62752.94244604316,432865336.2412918
zzw-223@8g7-46r-7yv,1.243099184195168,56021.42857142857,434474211.67346936
222-223@8g6-yv2-wp9,0.9333327984879887,98038.0,0.0
22c-222@8g7-484-xqz,1.2674955884201957,76964.56344772546,1052536916.3225906
222-222@8g6-ycf-gx5,1.1946477828446214,100820.75,704721614.1875
22k-222@8g7-474-dn5,1.167925273345784,54933.97902097902,477887875.37018925
223-222@8g6-ymt-6rk,1.4486299340473734,60383.281818181815,441690398.7478512
224-223@8g6-x93-td9,1.2476839405528446,76244.33333333333,1844569529.5555556
22g-222@8g6-ykx-jn5,1.2609363352551315,89617.8125,1043099767.4023438
222-222@8g6-yc4-jsq,1.4255505237056603,107762.01851851853,1273181474.2589166
222-222@8g6-ykz-zfz,1.4682696884943272,68892.72,697611822.0316
zzw-225@8g6-ym5-52k,1.3750744203580378,79628.63333333333,836630198.498889
zzw-222@8g6-x94-p7q,0.7288279638581432,50037.92307692308,195554831.30177516
227-222@8g7-474-dn5,1.3753440246231452,69871.83431952662,542625937.8660411
222-223@8g6-y4w-jn5,1.0185080484602584,129775.66666666667,1047948956.2222222
22b-223@8g7-4br-8sq,1.3112343204801313,71648.87234042553,425430276.51561785
222-222@8g7-479-wkz,1.3124478792231145,69826.44230769231,506866322.0030818
zzw-223@8g7-46q-bp9,1.3493074026055516,73036.8,518471066.16
zzw-223@8gb-79b-zxq,1.0306024933245845,71417.74590163934,359103449.96002424
226-222@8g6-ykz-7kf,1.253766980424396,118292.33333333333,2904275774.5555553
226-222@8g6-y4h-8qf,1.030125279065144,125980.1013215859,1756419005.668148
222-222@8g7-223-mhq,0.702469837558394,55479.0,271441.0
zzw-223@8gm-drr-jy9,0.9654367109204479,70335.55760368664,548042121.9333177
zzy-222@8g7-226-tn5,0.7947795580531837,64393.9,139590518.13
224-222@8g7-46s-nt9,1.058480107930007,61813.30612244898,1085175822.7022076
26y-222@8g7-479-wx5,1.4062009252788696,71027.07407407407,681589356.2167351
229-222@8gb-6qz-92k,0.8417278236699649,83173.79098360655,533481300.45221376
225-222@8gm-dzn-8qf,1.0023576726157106,90768.82828282828,600051470.7886951
zzw-223@8gm-g7x-st9,0.7526438379566147,61579.356164383564,242149898.72246203
zzw-222@8gb-6sv-pn5,0.6372951036807664,91011.60204081633,208101283.3416285
223-223@8g6-yky-vxq,1.3876227932082161,81826.76923076923,1530335198.1775148
224-222@8g6-xpw-yvz,0.6858346326694643,57245.68674698795,440608776.8978565
22j-222@8g7-484-q2k,0.9609548892718462,115542.11494252873,2059527251.2511559
223-222@8g6-yv6-5mk,1.3551867213663888,61359.22535211268,417435867.104146
224-222@8g6-ym3-v4v,1.3153904146459268,81788.84248210024,1111679464.6052597
22j-222@8g6-y5g-grk,1.3155210577693635,96947.69767441861,1740127721.4202273
zzw-222@8g6-yvs-yy9,1.4255296838380742,80932.24050632911,603987976.8155745
22h-222@8g6-y3b-5vf,1.025853353118126,130774.91693290735,2159637815.648052
zzw-222@8gb-7gw-pd9,0.964903237937274,86822.62330623306,702816854.868942
222-222@8gb-2v8-2x5,0.16741472085877998,74284.0,0.0
228-222@8g7-2q3-q75,1.3516055622205163,69200.10256410256,265869714.24589083
222-222@8g6-ytk-mc5,1.4195657799799652,84931.96226415095,1106767183.4702742
zzw-225@8g6-yjf-2hq,1.1842551324890334,103932.25987525987,1688082309.2983692
zzw-222@8g7-2bq-kpv,0.45270963982584167,60625.0,0.0
222-222@8g6-x75-y5f,1.356554883717097,72747.0803782506,823861389.9888113
222-222@8g6-yd5-r6k,1.3819816328079741,90992.98309859155,824825294.8616862
zzw-222@8g6-y4b-xkf,1.2319026498245356,87194.21276595745,900680596.685227
zzw-222@8g6-x7f-yd9,1.4426037570523413,66898.42857142857,441802047.38775504
zzw-223@8g7-46m-wx5,1.136351405594349,62904.4025974026,588688487.5132401
244-222@8g7-46z-6ff,1.320064854253013,75629.63235294117,948025857.9824827
zzw-223@8g7-485-835,1.1444787302149222,86436.61538461539,1246010615.128994
227-222@8gb-6yq-jvz,0.6937261801653524,91693.42603550295,749410924.3273695
223-223@8g7-46r-bx5,1.1057753696643369,56480.056603773584,581740442.732645
225-223@8g7-2m8-52k,1.2506733342591452,63283.333333333336,9654464.222222222
226-222@8g6-ycy-hwk,1.3872094874131193,104459.14545454546,867892242.0879339
zzw-223@8g6-y44-3qz,1.0850491831217826,117313.05517241379,1502816862.1762667
zzw-222@8gb-6rx-2tv,0.6233073975485103,86458.91891891892,405153954.07450694
222-222@8g7-48k-3dv,0.9419657053603971,51661.93650793651,467879261.9007306
223-222@8g7-4pp-rhq,0.9954760324789059,53531.426966292136,708444552.0798719
224-222@8g6-y2m-m49,1.0792132578354088,108468.40174672489,1846079381.8604338
223-222@8gb-6yy-wff,0.811734377301837,78261.4827586207,688858968.3416567
228-222@8g7-47b-q4v,1.302184503298892,66576.67376830892,830712733.2131468
zzw-224@8g6-y3b-7dv,1.0209815862567935,133373.3596491228,2448909760.3969684
227-222@8g7-46n-9j9,1.156307142824595,47647.53333333333,398434255.3155556
228-222@8g6-x7f-9vf,0.665070469642106,39118.705882352944,275788769.85467124
zzw-22c@8g6-y3p-75z,1.3644882315936349,129158.65217391304,1026881068.531191
zzw-222@8g6-yt5-w49,1.4662858892477229,60243.0,162593022.8
225-222@8g6-ym8-mhq,1.3034246222964407,87664.0,261857124.0
zzw-223@8gb-6xy-8n5,0.6533752151339822,94809.14159292035,227507937.87375674
zzw-223@8g6-ytb-fvf,1.5870536070468473,107269.23076923077,1450924351.100592
223-223@8g7-478-nqz,1.306103631691231,85437.37239583333,1717068677.1191342
223-223@8g7-4qd-4y9,1.0647540159118238,52861.45238095238,297955690.8786848
223-223@8g7-46r-bzf,0.7711567554463947,56307.0,606348810.6666666
222-222@8g7-46m-whq,1.2942324903656417,63488.79802955665,564582543.6193064
22h-222@8g7-46r-4d9,1.2322890727564126,77495.98198198198,862606455.3870627
222-222@8g7-47d-xqz,1.1616379887529107,80369.76923076923,187478768.02366862
zzw-222@8g6-y39-nt9,1.1053983443791253,117961.68965517242,1450704934.0071342
225-222@8g6-x47-2kz,1.1213816924647837,60938.87356321839,161539300.20240456
226-222@8g7-46y-rhq,1.2353042216239458,57340.36734693877,875561029.9875051
zzw-224@8g7-477-xwk,1.3090493218813015,67410.5294117647,1130448979.3079586
222-222@8g6-y3w-y5f,1.0613062603427605,125181.6094890511,2216298272.05553
242-222@8g7-46m-vs5,1.0414484596294635,53376.876923076925,1100493570.384852
22f-222@8g6-ytb-j7q,1.435513980535412,89501.93478260869,1229531582.2566166
zzw-222@8gb-72q-sqz,0.9503095332872415,90427.80882352941,668551460.8016869
zzw-222@8g7-4qp-fzz,1.153749817607173,62252.21666666667,491046522.11972225
zzw-223@8gm-dzp-7nq,0.7712320277494329,104486.67136150235,1182704016.8497431
224-222@8g6-ykz-9zz,1.184576916258534,83383.216374269,800671502.0759892
223-222@8g6-yj7-fpv,1.1313739870755233,104418.7435897436,1084044543.9855359
22j-222@8g6-ycf-g6k,1.4046765296584849,89988.10628019324,929588621.5539218
222-222@8g6-ym5-249,1.2601128248531939,74922.0,0.0
zzw-222@8g6-yn2-75z,1.3090701804786065,42679.8,199415947.76
223-222@8g7-479-v2k,1.2801113365781736,70566.09090909091,1228612812.9810405
zzw-226@8g6-y4q-5pv,0.8970150396740967,121846.91228070176,783800819.4484458
222-222@8g6-ymt-z4v,1.44540313433552,68110.69565217392,532342857.9508506
29s-226@8g7-475-brk,1.2220787621705234,88683.4,1288027200.16
222-222@8g7-47m-wx5,0.9647031418088374,60090.666666666664,492928037.91187733
222-228@8g7-46k-dvz,1.01314617550594,92629.5,368659200.25
2cn-226@8g7-46z-ffz,1.304586186217438,82377.91111111111,637978631.5920988
223-222@8g7-46s-dn5,1.1326810325517371,50980.0,0.0
zzw-224@8g7-26y-mp9,1.195050264971979,102549.18796992481,644536524.6488777
zzw-222@8g7-484-7wk,1.2534947218022057,77403.07103825136,788688536.7982323
22j-226@8g7-46q-bc5,1.2990117776046788,63966.7037037037,701819710.1344308
224-224@8g7-453-kmk,1.0459244668271972,69403.58064516129,257447071.6628512
229-225@8gb-3bm-hh5,0.4867494184685077,81953.15189873418,259041709.1668002
zzw-223@8gb-6rx-2tv,0.7222319150688099,90677.78947368421,657333362.4819943
223-222@8g6-ymj-8qf,0.9891044573177065,102874.0,0.0
222-223@8g6-y4q-7yv,0.9307142467080429,109866.8,1244795210.56
223-222@8g7-3dy-f4v,1.196580307987129,66492.79629629629,275273961.1622085
zzw-225@8g6-yjj-x3q,1.4405977097064515,61059.36,522272799.11039996
228-222@8g6-x3p-cbk,0.8178242813188775,64156.09090909091,180970826.62809917
zzw-222@8g6-ytj-5xq,1.4535935017549062,70490.18803418803,754068395.9988314
